{
"lengthUnit": "mil",
"components": {
	"fields": ["COMPONENT_NO", "COMPONENT_NAME", "LAYER", "X_COORDINATE", "Y_COORDINATE", "ANGLE"],
	"rows": [
		[1, "C1", "T", 1400, 430, 180],
		[2, "C2", "T", 330, 745, 90],
		[3, "C3", "T", 345, 100, 270],
		[4, "C4", "T", 2100.63, 120.63, 270],
		[5, "C5", "T", 2110.63, 815.63, 270],
		[6, "J1", "T", 1160, 880, 90],
		[7, "LED1", "B", 385.63, 945.63, 0],
		[8, "LED2", "B", 385.63, 160.63, 0],
		[9, "LED3", "B", 2055.63, 165.63, 180],
		[10, "LED4", "B", 2060.63, 950.63, 180],
		[11, "R5", "B", 430.63, 815.63, 90],
		[12, "R9", "T", 1355.63, 565.63, 270],
		[13, "R10", "T", 1430, 565, 270],
		[14, "R11", "T", 1505, 565, 270],
		[15, "R12", "T", 1410, 825, 0],
		[16, "R13", "T", 1410, 755, 0],
		[17, "R14", "T", 1410, 690, 0],
		[18, "R15", "B", 430.63, 295.63, 270],
		[19, "R16", "B", 2005.63, 310.63, 270],
		[20, "R17", "B", 2015.63, 815.63, 90],
		[21, "U1", "T", 1200, 520, 0],
		[22, "PAD1", "T", 157.48, 157.48, 0],
		[23, "PAD1", "B", 157.48, 157.48, 0],
		[24, "PAD2", "T", 2283.46, 157.48, 0],
		[25, "PAD2", "B", 2283.46, 157.48, 0],
		[26, "PAD3", "T", 2283.46, 944.88, 0],
		[27, "PAD3", "B", 2283.46, 944.88, 0],
		[28, "PAD4", "T", 157.48, 944.88, 0],
		[29, "PAD4", "B", 157.48, 944.88, 0]
	]
},
"pins": {
	"fields": ["PIN_NO", "PIN_NAME", "PIN_X", "PIN_Y", "LAYER", "PIN_TYPE", "NET_NAME", "NET_TYPE", "PAD_SHAPE", "PAD_SIZEX", "PAD_SIZEY", "HOLE_SIZE", "PAD_ANGLE"],
	"rows": [
		[1, "C1_1", 1439.37, 430, "T", "SMD", "VCC", "", "R", 55.51, 53.15, 0, 180],
		[2, "C1_2", 1360.63, 430, "T", "SMD", "GND", "GND", "R", 55.51, 53.15, 0, 180],
		[3, "C2_1", 330, 704.4, "T", "SMD", "GND", "GND", "R", 55.5, 53.2, 0, 90],
		[4, "C2_2", 330, 785.6, "T", "SMD", "$1N1064", "", "R", 55.5, 53.2, 0, 90],
		[5, "C3_1", 345, 140.6, "T", "SMD", "GND", "GND", "R", 55.5, 53.2, 0, 270],
		[6, "C3_2", 345, 59.4, "T", "SMD", "$1N1063", "", "R", 55.5, 53.2, 0, 270],
		[7, "C4_1", 2100.63, 161.23, "T", "SMD", "GND", "GND", "R", 55.5, 53.2, 0, 270],
		[8, "C4_2", 2100.63, 80.03, "T", "SMD", "$1N1062", "", "R", 55.5, 53.2, 0, 270],
		[9, "C5_1", 2110.63, 856.23, "T", "SMD", "GND", "GND", "R", 55.5, 53.2, 0, 270],
		[10, "C5_2", 2110.63, 775.03, "T", "SMD", "$1N1065", "", "R", 55.5, 53.2, 0, 270],
		[11, "J1_1", 1226.83, 788.82, "T", "DIP", "T3", "", "R", 53.15, 53.15, 31.7, 270],
		[12, "J1_1", 1226.83, 788.82, "B", "DIP", "T3", "", "R", 53.15, 53.15, 31.7, 270],
		[13, "J1_2", 1226.83, 867.56, "T", "DIP", "VCC", "", "C", 53.15, 53.15, 31.7, 270],
		[14, "J1_2", 1226.83, 867.56, "B", "DIP", "VCC", "", "C", 53.15, 53.15, 31.7, 270],
		[15, "J1_3", 1148.07, 788.82, "T", "DIP", "T2", "", "C", 53.15, 53.15, 31.7, 270],
		[16, "J1_3", 1148.07, 788.82, "B", "DIP", "T2", "", "C", 53.15, 53.15, 31.7, 270],
		[17, "J1_4", 1148.07, 867.56, "T", "DIP", "GND", "GND", "C", 53.15, 53.15, 31.7, 270],
		[18, "J1_4", 1148.07, 867.56, "B", "DIP", "GND", "GND", "C", 53.15, 53.15, 31.7, 270],
		[19, "J1_5", 1069.33, 788.83, "T", "DIP", "T1", "", "C", 53.15, 53.15, 31.7, 270],
		[20, "J1_5", 1069.33, 788.83, "B", "DIP", "T1", "", "C", 53.15, 53.15, 31.7, 270],
		[21, "J1_6", 1069.33, 867.55, "T", "DIP", "T0", "", "C", 53.15, 53.15, 31.7, 270],
		[22, "J1_6", 1069.33, 867.55, "B", "DIP", "T0", "", "C", 53.15, 53.15, 31.7, 270],
		[23, "LED1_1", 426.98, 945.63, "B", "SMD", "$1N1079", "", "R", 39.37, 55.1, 0, 180],
		[24, "LED1_2", 344.28, 945.63, "B", "SMD", "GND", "GND", "R", 39.37, 55.1, 0, 180],
		[25, "LED2_1", 426.98, 160.63, "B", "SMD", "$1N1083", "", "R", 39.37, 55.1, 0, 180],
		[26, "LED2_2", 344.28, 160.63, "B", "SMD", "GND", "GND", "R", 39.37, 55.1, 0, 180],
		[27, "LED3_1", 2014.28, 165.63, "B", "SMD", "$1N1084", "", "R", 39.37, 55.1, 0, 0],
		[28, "LED3_2", 2096.98, 165.63, "B", "SMD", "GND", "GND", "R", 39.37, 55.1, 0, 0],
		[29, "LED4_1", 2019.28, 950.63, "B", "SMD", "$1N1085", "", "R", 39.37, 55.1, 0, 0],
		[30, "LED4_2", 2101.98, 950.63, "B", "SMD", "GND", "GND", "R", 39.37, 55.1, 0, 0],
		[31, "R5_1", 430.63, 777.59, "B", "SMD", "T0", "", "R", 44.59, 54.21, 0, 90],
		[32, "R5_2", 430.63, 853.67, "B", "SMD", "$1N1079", "", "R", 44.59, 54.21, 0, 90],
		[33, "R9_1", 1355.63, 582.67, "T", "SMD", "VCC", "", "R", 22.27, 21.26, 0, 270],
		[34, "R9_2", 1355.63, 548.59, "T", "SMD", "$1N1077", "", "R", 22.27, 21.26, 0, 270],
		[35, "R10_1", 1430, 582.04, "T", "SMD", "VCC", "", "R", 22.27, 21.26, 0, 270],
		[36, "R10_2", 1430, 547.96, "T", "SMD", "$1N1067", "", "R", 22.27, 21.26, 0, 270],
		[37, "R11_1", 1505, 582.04, "T", "SMD", "VCC", "", "R", 22.27, 21.26, 0, 270],
		[38, "R11_2", 1505, 547.96, "T", "SMD", "$1N1068", "", "R", 22.27, 21.26, 0, 270],
		[39, "R12_1", 1392.96, 825, "T", "SMD", "$1N1069", "", "R", 22.27, 21.26, 0, 0],
		[40, "R12_2", 1427.04, 825, "T", "SMD", "GND", "GND", "R", 22.27, 21.26, 0, 0],
		[41, "R13_1", 1392.96, 755, "T", "SMD", "$1N1070", "", "R", 22.27, 21.26, 0, 0],
		[42, "R13_2", 1427.04, 755, "T", "SMD", "GND", "GND", "R", 22.27, 21.26, 0, 0],
		[43, "R14_1", 1392.96, 690, "T", "SMD", "$1N1071", "", "R", 22.27, 21.26, 0, 0],
		[44, "R14_2", 1427.04, 690, "T", "SMD", "GND", "GND", "R", 22.27, 21.26, 0, 0],
		[45, "R15_1", 430.63, 333.67, "B", "SMD", "T1", "", "R", 44.59, 54.21, 0, 270],
		[46, "R15_2", 430.63, 257.59, "B", "SMD", "$1N1083", "", "R", 44.59, 54.21, 0, 270],
		[47, "R16_1", 2005.63, 348.67, "B", "SMD", "T2", "", "R", 44.59, 54.21, 0, 270],
		[48, "R16_2", 2005.63, 272.59, "B", "SMD", "$1N1084", "", "R", 44.59, 54.21, 0, 270],
		[49, "R17_1", 2015.63, 777.59, "B", "SMD", "T3", "", "R", 44.59, 54.21, 0, 90],
		[50, "R17_2", 2015.63, 853.67, "B", "SMD", "$1N1085", "", "R", 44.59, 54.21, 0, 90],
		[51, "U1_1", 1112.5, 415.48, "T", "SMD", "$1N1064", "", "O", 14, 71.45, 0, 0],
		[52, "U1_2", 1137.5, 415.48, "T", "SMD", "$1N1063", "", "O", 14, 71.45, 0, 0],
		[53, "U1_3", 1162.5, 415.48, "T", "SMD", "$1N1062", "", "O", 14, 71.45, 0, 0],
		[54, "U1_4", 1187.5, 415.48, "T", "SMD", "$1N1065", "", "O", 14, 71.45, 0, 0],
		[55, "U1_5", 1212.5, 415.48, "T", "SMD", "$1N1077", "", "O", 14, 71.45, 0, 0],
		[56, "U1_6", 1237.5, 415.48, "T", "SMD", "VCC", "", "O", 14, 71.45, 0, 0],
		[57, "U1_7", 1262.5, 415.48, "T", "SMD", "$1N1067", "", "O", 14, 71.45, 0, 0],
		[58, "U1_8", 1287.5, 415.48, "T", "SMD", "$1N1068", "", "O", 14, 71.45, 0, 0],
		[59, "U1_9", 1287.5, 624.52, "T", "SMD", "$1N1071", "", "O", 14, 71.45, 0, 0],
		[60, "U1_10", 1262.5, 624.52, "T", "SMD", "GND", "GND", "O", 14, 71.45, 0, 0],
		[61, "U1_11", 1237.5, 624.52, "T", "SMD", "$1N1070", "", "O", 14, 71.45, 0, 0],
		[62, "U1_12", 1212.5, 624.52, "T", "SMD", "$1N1069", "", "O", 14, 71.45, 0, 0],
		[63, "U1_13", 1187.5, 624.52, "T", "SMD", "T3", "", "O", 14, 71.45, 0, 0],
		[64, "U1_14", 1162.5, 624.52, "T", "SMD", "T2", "", "O", 14, 71.45, 0, 0],
		[65, "U1_15", 1137.5, 624.52, "T", "SMD", "T1", "", "O", 14, 71.45, 0, 0],
		[66, "U1_16", 1112.5, 624.52, "T", "SMD", "T0", "", "O", 14, 71.45, 0, 0],
		[67, "PAD1_17", 157.48, 157.48, "T", "DIP", "$1N1063", "", "C", 133.86, 133.86, 82.68, 0],
		[68, "PAD1_17", 157.48, 157.48, "B", "DIP", "$1N1063", "", "C", 133.86, 133.86, 82.68, 0],
		[69, "PAD2_17", 2283.46, 157.48, "T", "DIP", "$1N1062", "", "C", 133.86, 133.86, 82.68, 0],
		[70, "PAD2_17", 2283.46, 157.48, "B", "DIP", "$1N1062", "", "C", 133.86, 133.86, 82.68, 0],
		[71, "PAD3_17", 2283.46, 944.88, "T", "DIP", "$1N1065", "", "C", 133.86, 133.86, 82.68, 0],
		[72, "PAD3_17", 2283.46, 944.88, "B", "DIP", "$1N1065", "", "C", 133.86, 133.86, 82.68, 0],
		[73, "PAD4_17", 157.48, 944.88, "T", "DIP", "$1N1064", "", "C", 133.86, 133.86, 82.68, 0],
		[74, "PAD4_17", 157.48, 944.88, "B", "DIP", "$1N1064", "", "C", 133.86, 133.86, 82.68, 0]
	]
}
}