{
"lengthUnit": "mil",
"components": {
	"fields": ["COMPONENT_NO", "COMPONENT_NAME", "LAYER", "X_COORDINATE", "Y_COORDINATE", "ANGLE"],
	"rows": [
		[1, "C1", "T", 1630, 1115, 270],
		[2, "C2", "T", -183.1, 1062.1, 0],
		[3, "C3", "T", 2035, 975, 0],
		[4, "C4", "T", 1380, 1600, 270],
		[5, "C5", "T", 1535, 1115, 90],
		[6, "C6", "T", 1090.98, 20.07, 180],
		[7, "C7", "T", 15, 1850, 270],
		[8, "C14", "T", 1115, 1485, 270],
		[9, "C15", "T", 1090.98, 210.07, 180],
		[10, "C16", "T", 1095, -70, 180],
		[11, "C17", "T", 1085, 115, 180],
		[12, "C25", "T", 1699.84, 28.2, 270],
		[13, "C26", "T", 1699.84, 204.98, 90],
		[14, "C27", "T", 1942.34, 1507.98, 45],
		[15, "C28", "T", 890, 1875, 90],
		[16, "C29", "T", 1695, -1460, 90],
		[17, "C30", "T", 1500, -1325, 270],
		[18, "C31", "T", 1850, -1450, 135],
		[19, "C33", "T", 1565, -1090, 0],
		[20, "C34", "T", 1510, -1185, 0],
		[21, "C35", "T", 1410, -1060, 90],
		[22, "C36", "T", 1225, -1060, 90],
		[23, "C37", "T", 1315, -1060, 90],
		[24, "C38", "T", 1025, -1110, 90],
		[25, "C39", "T", 10, -775, 0],
		[26, "D2", "T", -160, 1815, 90],
		[27, "D3", "T", 1775, 1100, 90],
		[28, "D7", "T", 705, 865, 90],
		[29, "D8", "T", 1005, 505, 0],
		[30, "ISP", "T", 400, -1040, 180],
		[31, "J1", "T", 1160, -365, 315],
		[32, "J2", "T", 0, -1045, 180],
		[33, "L1", "T", 690, 1940, 90],
		[34, "L2", "T", 1690, 1590, 225],
		[35, "L3", "T", 1975, -1220, 135],
		[36, "R1", "B", 1494.32, 954.32, 45],
		[37, "R2", "T", 2094.37, 1264.03, 135],
		[38, "R3", "T", 1935.27, 1196.85, 45],
		[39, "R4", "T", 180, 1890, 0],
		[40, "R5", "T", 2027.19, 1437.27, 45],
		[41, "R6", "T", 180, 1790, 180],
		[42, "R7", "T", 745, 700, 0],
		[43, "R8", "T", 610, 805, 270],
		[44, "R9", "T", -145, -1285, 90],
		[45, "R12", "T", 60.98, 982.1, 180],
		[46, "R13", "T", 210, 1085, 0],
		[47, "R16", "T", 156.9, 982.1, 0],
		[48, "R17", "T", 1070, -1330, 0],
		[49, "R18", "T", 1070, -1550, 0],
		[50, "R19", "T", 1340, -1515, 90],
		[51, "R20", "T", 1455, -1515.15, 90],
		[52, "R21", "T", 1569.47, -1545, 270],
		[53, "R22", "T", 1415.63, -1650, 0],
		[54, "R23", "T", 1125, -1095, 90],
		[55, "R29", "T", 1070, -1435, 0],
		[56, "R30", "T", 1810, -645, 270],
		[57, "R31", "T", 1810, -235, 90],
		[58, "U2", "T", 36.9, 1022.1, 90],
		[59, "U3", "T", 200, 1580, 0],
		[60, "U4", "T", 1861.02, 1348.88, 315],
		[61, "U5", "T", 380, 1930, 180],
		[62, "U6", "T", 580, -1515, 180],
		[63, "U7", "T", 1570, 855, 45],
		[64, "U8", "T", 1420.78, 21.13, 90],
		[65, "U13", "T", 1350, 1065, 270],
		[66, "U17", "T", 1345, 600, 180],
		[67, "U18", "T", 1314.63, -1303.05, 270],
		[68, "U19", "T", 1340, 1905, 90],
		[69, "U20", "B", 1114.02, 1907.15, 90],
		[70, "U22", "B", 0, -1565, 270],
		[71, "USB6", "T", 2095.71, -370, 90],
		[72, "X2", "T", 1873.08, 116.59, 270],
		[73, "PAD1", "T", 1565, 855, 0],
		[74, "PAD1", "B", 1565, 855, 0],
		[75, "PAD2", "T", 1314.6, -1303.08, 0],
		[76, "PAD2", "B", 1314.6, -1303.08, 0]
	]
},
"pins": {
	"fields": ["PIN_NO", "PIN_NAME", "PIN_X", "PIN_Y", "LAYER", "PIN_TYPE", "NET_NAME", "NET_TYPE", "PAD_SHAPE", "PAD_SIZEX", "PAD_SIZEY", "HOLE_SIZE", "PAD_ANGLE"],
	"rows": [
		[1, "C1_1", 1630, 1155.55, "T", "SMD", "GND", "GND", "R", 55.51, 53.15, 0, 270],
		[2, "C1_2", 1630, 1074.45, "T", "SMD", "DCMOTORV+", "", "R", 55.51, 53.15, 0, 270],
		[3, "C2_1", -288.22, 1062.1, "T", "SMD", "+12V", "", "R", 137.79, 47.24, 0, 0],
		[4, "C2_2", -77.98, 1062.1, "T", "SMD", "GND", "GND", "R", 137.79, 47.24, 0, 0],
		[5, "C3_1", 1929.88, 975, "T", "SMD", "DCMOTORV+", "", "R", 137.79, 47.24, 0, 0],
		[6, "C3_2", 2140.12, 975, "T", "SMD", "GND", "GND", "R", 137.79, 47.24, 0, 0],
		[7, "C4_1", 1380, 1640.55, "T", "SMD", "+7.5V", "", "R", 55.51, 53.15, 0, 270],
		[8, "C4_2", 1380, 1559.45, "T", "SMD", "GND", "GND", "R", 55.51, 53.15, 0, 270],
		[9, "C5_1", 1535, 1074.45, "T", "SMD", "DCMOTORV+", "", "R", 55.51, 53.15, 0, 90],
		[10, "C5_2", 1535, 1155.55, "T", "SMD", "GND", "GND", "R", 55.51, 53.15, 0, 90],
		[11, "C6_1", 1131.53, 20.07, "T", "SMD", "VCC", "", "R", 55.51, 53.15, 0, 180],
		[12, "C6_2", 1050.43, 20.07, "T", "SMD", "GND", "GND", "R", 55.51, 53.15, 0, 180],
		[13, "C7_1", 15, 1890.55, "T", "SMD", "+12V", "", "R", 55.51, 53.15, 0, 270],
		[14, "C7_2", 15, 1809.45, "T", "SMD", "GND", "GND", "R", 55.51, 53.15, 0, 270],
		[15, "C14_1", 1115, 1553.9, "T", "DIP", "+7.5V", "", "C", 62.99, 62.99, 39.37, 0],
		[16, "C14_1", 1115, 1553.9, "B", "DIP", "+7.5V", "", "C", 62.99, 62.99, 39.37, 0],
		[17, "C14_2", 1115, 1416.1, "T", "DIP", "GND", "GND", "C", 62.99, 62.99, 39.37, 0],
		[18, "C14_2", 1115, 1416.1, "B", "DIP", "GND", "GND", "C", 62.99, 62.99, 39.37, 0],
		[19, "C15_1", 1131.53, 210.07, "T", "SMD", "VCC", "", "R", 55.51, 53.15, 0, 180],
		[20, "C15_2", 1050.43, 210.07, "T", "SMD", "GND", "GND", "R", 55.51, 53.15, 0, 180],
		[21, "C16_1", 1135.55, -70, "T", "SMD", "AREF", "", "R", 55.51, 53.15, 0, 180],
		[22, "C16_2", 1054.45, -70, "T", "SMD", "GND", "GND", "R", 55.51, 53.15, 0, 180],
		[23, "C17_1", 1132.24, 115, "T", "SMD", "VCC", "", "R", 47.24, 59.05, 0, 180],
		[24, "C17_2", 1037.76, 115, "T", "SMD", "GND", "GND", "R", 47.24, 59.05, 0, 180],
		[25, "C25_1", 1699.84, 68.75, "T", "SMD", "XTAL1", "", "R", 55.51, 53.15, 0, 270],
		[26, "C25_2", 1699.84, -12.35, "T", "SMD", "GND", "GND", "R", 55.51, 53.15, 0, 270],
		[27, "C26_1", 1699.84, 164.43, "T", "SMD", "XTAL2", "", "R", 55.51, 53.15, 0, 90],
		[28, "C26_2", 1699.84, 245.52, "T", "SMD", "GND", "GND", "R", 55.51, 53.15, 0, 90],
		[29, "C27_1", 1913.67, 1479.31, "T", "SMD", "+7.5V", "", "R", 55.51, 53.15, 0, 45],
		[30, "C27_2", 1971.01, 1536.65, "T", "SMD", "GND", "GND", "R", 55.51, 53.15, 0, 45],
		[31, "C28_1", 890, 1834.45, "T", "SMD", "+7.5V", "", "R", 55.51, 53.15, 0, 90],
		[32, "C28_2", 890, 1915.55, "T", "SMD", "GND", "GND", "R", 55.51, 53.15, 0, 90],
		[33, "C29_1", 1695, -1500.55, "T", "SMD", "$1N16475", "", "R", 55.51, 53.15, 0, 90],
		[34, "C29_2", 1695, -1419.45, "T", "SMD", "GND", "GND", "R", 55.51, 53.15, 0, 90],
		[35, "C30_1", 1500, -1284.45, "T", "SMD", "$1N16449", "", "R", 55.51, 53.15, 0, 270],
		[36, "C30_2", 1500, -1365.55, "T", "SMD", "$1N16429", "", "R", 55.51, 53.15, 0, 270],
		[37, "C31_1", 1878.67, -1478.67, "T", "SMD", "VBUS", "", "R", 55.51, 53.15, 0, 135],
		[38, "C31_2", 1821.33, -1421.33, "T", "SMD", "GND", "GND", "R", 55.51, 53.15, 0, 135],
		[39, "C33_1", 1524.45, -1090, "T", "SMD", "$1N16770", "", "R", 55.51, 53.15, 0, 0],
		[40, "C33_2", 1605.55, -1090, "T", "SMD", "GND", "GND", "R", 55.51, 53.15, 0, 0],
		[41, "C34_1", 1469.45, -1185, "T", "SMD", "$1N16770", "", "R", 55.51, 53.15, 0, 0],
		[42, "C34_2", 1550.55, -1185, "T", "SMD", "GND", "GND", "R", 55.51, 53.15, 0, 0],
		[43, "C35_1", 1410, -1100.55, "T", "SMD", "VBAT", "", "R", 55.51, 53.15, 0, 90],
		[44, "C35_2", 1410, -1019.45, "T", "SMD", "GND", "GND", "R", 55.51, 53.15, 0, 90],
		[45, "C36_1", 1225, -1100.55, "T", "SMD", "VBAT", "", "R", 55.51, 53.15, 0, 90],
		[46, "C36_2", 1225, -1019.45, "T", "SMD", "GND", "GND", "R", 55.51, 53.15, 0, 90],
		[47, "C37_1", 1315, -1100.55, "T", "SMD", "VBAT", "", "R", 55.51, 53.15, 0, 90],
		[48, "C37_2", 1315, -1019.45, "T", "SMD", "GND", "GND", "R", 55.51, 53.15, 0, 90],
		[49, "C38_1", 1025, -1150.55, "T", "SMD", "$1N16941", "", "R", 55.51, 53.15, 0, 90],
		[50, "C38_2", 1025, -1069.45, "T", "SMD", "GND", "GND", "R", 55.51, 53.15, 0, 90],
		[51, "C39_1", -95.12, -775, "T", "SMD", "VCC", "", "R", 137.79, 47.24, 0, 0],
		[52, "C39_2", 115.12, -775, "T", "SMD", "GND", "GND", "R", 137.79, 47.24, 0, 0],
		[53, "D2_1", -160, 1720.51, "T", "SMD", "+12V", "", "R", 82.68, 70.87, 0, 90],
		[54, "D2_2", -160, 1909.49, "T", "SMD", "$1N395", "", "R", 82.68, 70.87, 0, 90],
		[55, "D3_1", 1775, 1005.51, "T", "SMD", "DCMOTORV+", "", "R", 82.68, 70.87, 0, 90],
		[56, "D3_2", 1775, 1194.49, "T", "SMD", "$1N431", "", "R", 82.68, 70.87, 0, 90],
		[57, "D7_1", 705, 798.07, "T", "SMD", "BAT", "", "R", 51.18, 51.18, 0, 90],
		[58, "D7_2", 705, 931.93, "T", "SMD", "GND", "GND", "R", 51.18, 51.18, 0, 90],
		[59, "D8_1", 914.3, 504.63, "T", "SMD", "+7.5V", "", "R", 80.57, 63.78, 0, 0],
		[60, "D8_2", 1095.7, 505.37, "T", "SMD", "$1N14504", "", "R", 80.57, 63.78, 0, 180],
		[61, "ISP_1", 500, -990, "T", "DIP", "MISO", "", "R", 62, 60, 32, 180],
		[62, "ISP_1", 500, -990, "B", "DIP", "MISO", "", "R", 62, 60, 32, 180],
		[63, "ISP_2", 500, -1090, "T", "DIP", "VCC", "", "C", 62, 62, 32, 180],
		[64, "ISP_2", 500, -1090, "B", "DIP", "VCC", "", "C", 62, 62, 32, 180],
		[65, "ISP_3", 400, -990, "T", "DIP", "SCK", "", "C", 62, 62, 32, 180],
		[66, "ISP_3", 400, -990, "B", "DIP", "SCK", "", "C", 62, 62, 32, 180],
		[67, "ISP_4", 400, -1090, "T", "DIP", "MOSI", "", "C", 62, 62, 32, 180],
		[68, "ISP_4", 400, -1090, "B", "DIP", "MOSI", "", "C", 62, 62, 32, 180],
		[69, "ISP_5", 300, -990, "T", "DIP", "RESET", "", "C", 62, 62, 32, 180],
		[70, "ISP_5", 300, -990, "B", "DIP", "RESET", "", "C", 62, 62, 32, 180],
		[71, "ISP_6", 300, -1090, "T", "DIP", "GND", "GND", "C", 62, 62, 32, 180],
		[72, "ISP_6", 300, -1090, "B", "DIP", "GND", "GND", "C", 62, 62, 32, 180],
		[73, "J1_1", 1132.16, -281.48, "T", "DIP", "CARD_IN", "", "R", 59.05, 59.05, 35.43, 315],
		[74, "J1_1", 1132.16, -281.48, "B", "DIP", "CARD_IN", "", "R", 59.05, 59.05, 35.43, 315],
		[75, "J1_2", 1076.48, -337.16, "T", "DIP", "VCC", "", "C", 59.05, 59.05, 35.43, 225],
		[76, "J1_2", 1076.48, -337.16, "B", "DIP", "VCC", "", "C", 59.05, 59.05, 35.43, 225],
		[77, "J1_3", 1187.84, -337.16, "T", "DIP", "SDA", "", "C", 59.05, 59.05, 35.43, 315],
		[78, "J1_3", 1187.84, -337.16, "B", "DIP", "SDA", "", "C", 59.05, 59.05, 35.43, 315],
		[79, "J1_4", 1132.16, -392.84, "T", "DIP", "GND", "GND", "C", 59.05, 59.05, 35.43, 225],
		[80, "J1_4", 1132.16, -392.84, "B", "DIP", "GND", "GND", "C", 59.05, 59.05, 35.43, 225],
		[81, "J1_5", 1243.52, -392.84, "T", "DIP", "SCL", "", "C", 59.05, 59.05, 35.43, 315],
		[82, "J1_5", 1243.52, -392.84, "B", "DIP", "SCL", "", "C", 59.05, 59.05, 35.43, 315],
		[83, "J1_6", 1187.84, -448.52, "T", "DIP", "OUT_S", "", "C", 59.05, 59.05, 35.43, 225],
		[84, "J1_6", 1187.84, -448.52, "B", "DIP", "OUT_S", "", "C", 59.05, 59.05, 35.43, 225],
		[85, "J2_1", -77.75, -1005.63, "T", "DIP", "VCC", "", "R", 59.05, 59.05, 35.43, 180],
		[86, "J2_1", -77.75, -1005.63, "B", "DIP", "VCC", "", "R", 59.05, 59.05, 35.43, 180],
		[87, "J2_2", -79.72, -1084.37, "T", "DIP", "ROT1", "", "C", 59.05, 59.05, 35.43, 90],
		[88, "J2_2", -79.72, -1084.37, "B", "DIP", "ROT1", "", "C", 59.05, 59.05, 35.43, 90],
		[89, "J2_3", 0.99, -1005.63, "T", "DIP", "GND", "GND", "C", 59.05, 59.05, 35.43, 180],
		[90, "J2_3", 0.99, -1005.63, "B", "DIP", "GND", "GND", "C", 59.05, 59.05, 35.43, 180],
		[91, "J2_4", -0.99, -1084.37, "T", "DIP", "ROT2", "", "C", 59.05, 59.05, 35.43, 90],
		[92, "J2_4", -0.99, -1084.37, "B", "DIP", "ROT2", "", "C", 59.05, 59.05, 35.43, 90],
		[93, "J2_5", 79.73, -1005.63, "T", "DIP", "GND", "GND", "C", 59.05, 59.05, 35.43, 180],
		[94, "J2_5", 79.73, -1005.63, "B", "DIP", "GND", "GND", "C", 59.05, 59.05, 35.43, 180],
		[95, "J2_6", 77.75, -1084.37, "T", "DIP", "ROT3", "", "C", 59.05, 59.05, 35.43, 90],
		[96, "J2_6", 77.75, -1084.37, "B", "DIP", "ROT3", "", "C", 59.05, 59.05, 35.43, 90],
		[97, "L1_1", 690, 1820.51, "T", "SMD", "+7.5V", "", "R", 92.52, 137.79, 0, 90],
		[98, "L1_2", 690, 2059.49, "T", "SMD", "$1N395", "", "R", 92.52, 137.79, 0, 90],
		[99, "L2_1", 1774.49, 1674.49, "T", "SMD", "+7.5V", "", "R", 92.52, 137.79, 0, 225],
		[100, "L2_2", 1605.51, 1505.51, "T", "SMD", "$1N431", "", "R", 92.52, 137.79, 0, 225],
		[101, "L3_1", 2059.49, -1304.49, "T", "SMD", "VBUS", "", "R", 92.52, 137.79, 0, 135],
		[102, "L3_2", 1890.51, -1135.51, "T", "SMD", "$1N16449", "", "R", 92.52, 137.79, 0, 135],
		[103, "R1_1", 1466.48, 926.48, "B", "SMD", "$1N906", "", "R", 44.59, 54.21, 0, 45],
		[104, "R1_2", 1522.16, 982.16, "B", "SMD", "GND", "GND", "R", 44.59, 54.21, 0, 45],
		[105, "R2_1", 2076.27, 1337.8, "T", "SMD", "$1N514", "", "R", 47.24, 59.05, 0, 225],
		[106, "R2_2", 2140.3, 1218.09, "T", "SMD", "$1N515", "", "R", 62.99, 62.99, 0, 225],
		[107, "R2_3", 2020.6, 1282.12, "T", "SMD", "$1N515", "", "R", 47.24, 59.05, 0, 225],
		[108, "R3_1", 1907.43, 1169.01, "T", "SMD", "DCMOTORV+", "", "R", 44.59, 54.21, 0, 45],
		[109, "R3_2", 1963.11, 1224.69, "T", "SMD", "$1N515", "", "R", 44.59, 54.21, 0, 45],
		[110, "R4_1", 140.63, 1890, "T", "SMD", "+12V", "", "R", 44.59, 54.21, 0, 0],
		[111, "R4_2", 219.37, 1890, "T", "SMD", "$1N339", "", "R", 44.59, 54.21, 0, 0],
		[112, "R5_1", 1999.35, 1409.43, "T", "SMD", "$1N514", "", "R", 44.59, 54.21, 0, 45],
		[113, "R5_2", 2055.03, 1465.11, "T", "SMD", "GND", "GND", "R", 44.59, 54.21, 0, 45],
		[114, "R6_1", 219.37, 1790, "T", "SMD", "$1N339", "", "R", 44.59, 54.21, 0, 180],
		[115, "R6_2", 140.63, 1790, "T", "SMD", "GND", "GND", "R", 44.59, 54.21, 0, 180],
		[116, "R7_1", 705.63, 700, "T", "SMD", "BAT", "", "R", 44.59, 54.21, 0, 0],
		[117, "R7_2", 784.37, 700, "T", "SMD", "+7.5V", "", "R", 44.59, 54.21, 0, 0],
		[118, "R8_1", 610, 844.37, "T", "SMD", "GND", "GND", "R", 44.59, 54.21, 0, 270],
		[119, "R8_2", 610, 765.63, "T", "SMD", "BAT", "", "R", 44.59, 54.21, 0, 270],
		[120, "R9_1", -145, -1324.37, "T", "SMD", "GREEN", "", "R", 44.59, 54.21, 0, 90],
		[121, "R9_2", -145, -1245.63, "T", "SMD", "VCC", "", "R", 44.59, 54.21, 0, 90],
		[122, "R12_1", 78.02, 982.1, "T", "SMD", "PDN", "", "R", 22.27, 21.26, 0, 180],
		[123, "R12_2", 43.94, 982.1, "T", "SMD", "MS1", "", "R", 22.27, 21.26, 0, 180],
		[124, "R13_1", 170.63, 1085, "T", "SMD", "MS1", "", "R", 44.59, 54.21, 0, 0],
		[125, "R13_2", 249.37, 1085, "T", "SMD", "VCC", "", "R", 44.59, 54.21, 0, 0],
		[126, "R16_1", 139.86, 982.1, "T", "SMD", "PDN", "", "R", 22.27, 21.26, 0, 0],
		[127, "R16_2", 173.94, 982.1, "T", "SMD", "GND", "GND", "R", 22.27, 21.26, 0, 0],
		[128, "R17_1", 1030.63, -1330, "T", "SMD", "GND", "GND", "R", 44.59, 54.21, 0, 0],
		[129, "R17_2", 1109.37, -1330, "T", "SMD", "$1N16507", "", "R", 44.59, 54.21, 0, 0],
		[130, "R18_1", 1030.63, -1550, "T", "SMD", "RED", "", "R", 44.59, 54.21, 0, 0],
		[131, "R18_2", 1109.37, -1550, "T", "SMD", "$1N27765", "", "R", 44.59, 54.21, 0, 0],
		[132, "R19_1", 1340, -1554.37, "T", "SMD", "GND", "GND", "R", 44.59, 54.21, 0, 90],
		[133, "R19_2", 1340, -1475.63, "T", "SMD", "$1N16487", "", "R", 44.59, 54.21, 0, 90],
		[134, "R20_1", 1455, -1554.52, "T", "SMD", "VBUS", "", "R", 44.59, 54.21, 0, 90],
		[135, "R20_2", 1455, -1475.78, "T", "SMD", "$1N16494", "", "R", 44.59, 54.21, 0, 90],
		[136, "R21_1", 1569.47, -1505.63, "T", "SMD", "$1N16475", "", "R", 44.59, 54.21, 0, 270],
		[137, "R21_2", 1569.47, -1584.37, "T", "SMD", "VBUS", "", "R", 44.59, 54.21, 0, 270],
		[138, "R22_1", 1376.26, -1650, "T", "SMD", "GND", "GND", "R", 44.59, 54.21, 0, 0],
		[139, "R22_2", 1455, -1650, "T", "SMD", "VBUS", "", "R", 44.59, 54.21, 0, 0],
		[140, "R23_1", 1125, -1153.22, "T", "SMD", "$1N16941", "", "R", 47.54, 66.97, 0, 90],
		[141, "R23_2", 1125, -1036.78, "T", "SMD", "BATM", "", "R", 47.54, 66.97, 0, 90],
		[142, "R29_1", 1030.63, -1435, "T", "SMD", "BLUE", "", "R", 44.59, 54.21, 0, 0],
		[143, "R29_2", 1109.37, -1435, "T", "SMD", "$1N27855", "", "R", 44.59, 54.21, 0, 0],
		[144, "R30_1", 1810, -605.63, "T", "SMD", "$1N28168", "", "R", 44.59, 54.21, 0, 270],
		[145, "R30_2", 1810, -684.37, "T", "SMD", "GND", "GND", "R", 44.59, 54.21, 0, 270],
		[146, "R31_1", 1810, -274.37, "T", "SMD", "$1N28177", "", "R", 44.59, 54.21, 0, 90],
		[147, "R31_2", 1810, -195.63, "T", "SMD", "GND", "GND", "R", 44.59, 54.21, 0, 90],
		[148, "U2_1", -208.1, 812.1, "T", "DIP", "STEP_EN", "", "C", 60, 60, 36, 90],
		[149, "U2_1", -208.1, 812.1, "B", "DIP", "STEP_EN", "", "C", 60, 60, 36, 90],
		[150, "U2_2", -108.1, 812.1, "T", "DIP", "MS1", "", "C", 60, 60, 36, 90],
		[151, "U2_2", -108.1, 812.1, "B", "DIP", "MS1", "", "C", 60, 60, 36, 90],
		[152, "U2_3", -8.1, 812.1, "T", "DIP", "MS1", "", "C", 60, 60, 36, 90],
		[153, "U2_3", -8.1, 812.1, "B", "DIP", "MS1", "", "C", 60, 60, 36, 90],
		[154, "U2_4", 91.9, 812.1, "T", "DIP", "PDN", "", "C", 60, 60, 36, 90],
		[155, "U2_4", 91.9, 812.1, "B", "DIP", "PDN", "", "C", 60, 60, 36, 90],
		[156, "U2_5", 191.9, 812.1, "T", "DIP", "U2_5", "", "C", 60, 60, 36, 90],
		[157, "U2_5", 191.9, 812.1, "B", "DIP", "U2_5", "", "C", 60, 60, 36, 90],
		[158, "U2_6", 291.9, 812.1, "T", "DIP", "U2_6", "", "C", 60, 60, 36, 90],
		[159, "U2_6", 291.9, 812.1, "B", "DIP", "U2_6", "", "C", 60, 60, 36, 90],
		[160, "U2_7", 391.9, 812.1, "T", "DIP", "STEP", "", "C", 60, 60, 36, 90],
		[161, "U2_7", 391.9, 812.1, "B", "DIP", "STEP", "", "C", 60, 60, 36, 90],
		[162, "U2_8", 491.9, 812.1, "T", "DIP", "DIR", "", "C", 60, 60, 36, 90],
		[163, "U2_8", 491.9, 812.1, "B", "DIP", "DIR", "", "C", 60, 60, 36, 90],
		[164, "U2_9", 491.9, 1312.1, "T", "DIP", "GND", "GND", "C", 60, 60, 36, 90],
		[165, "U2_9", 491.9, 1312.1, "B", "DIP", "GND", "GND", "C", 60, 60, 36, 90],
		[166, "U2_10", 391.9, 1312.1, "T", "DIP", "U2_10", "", "C", 60, 60, 36, 90],
		[167, "U2_10", 391.9, 1312.1, "B", "DIP", "U2_10", "", "C", 60, 60, 36, 90],
		[168, "U2_11", 291.9, 1312.1, "T", "DIP", "$1N70", "", "C", 60, 60, 36, 90],
		[169, "U2_11", 291.9, 1312.1, "B", "DIP", "$1N70", "", "C", 60, 60, 36, 90],
		[170, "U2_12", 191.9, 1312.1, "T", "DIP", "$1N69", "", "C", 60, 60, 36, 90],
		[171, "U2_12", 191.9, 1312.1, "B", "DIP", "$1N69", "", "C", 60, 60, 36, 90],
		[172, "U2_13", 91.9, 1312.1, "T", "DIP", "$1N68", "", "C", 60, 60, 36, 90],
		[173, "U2_13", 91.9, 1312.1, "B", "DIP", "$1N68", "", "C", 60, 60, 36, 90],
		[174, "U2_14", -8.1, 1312.1, "T", "DIP", "$1N67", "", "C", 60, 60, 36, 90],
		[175, "U2_14", -8.1, 1312.1, "B", "DIP", "$1N67", "", "C", 60, 60, 36, 90],
		[176, "U2_15", -108.1, 1312.1, "T", "DIP", "GND", "GND", "C", 60, 60, 36, 90],
		[177, "U2_15", -108.1, 1312.1, "B", "DIP", "GND", "GND", "C", 60, 60, 36, 90],
		[178, "U2_16", -208.1, 1312.1, "T", "DIP", "+12V", "", "C", 60, 60, 36, 90],
		[179, "U2_16", -208.1, 1312.1, "B", "DIP", "+12V", "", "C", 60, 60, 36, 90],
		[180, "U3_1", 50, 1580, "T", "DIP", "$1N67", "", "R", 70.87, 70.87, 43.31, 0],
		[181, "U3_1", 50, 1580, "B", "DIP", "$1N67", "", "R", 70.87, 70.87, 43.31, 0],
		[182, "U3_2", 150, 1580, "T", "DIP", "$1N68", "", "C", 70.87, 70.87, 43.31, 0],
		[183, "U3_2", 150, 1580, "B", "DIP", "$1N68", "", "C", 70.87, 70.87, 43.31, 0],
		[184, "U3_3", 250, 1580, "T", "DIP", "$1N69", "", "C", 70.87, 70.87, 43.31, 0],
		[185, "U3_3", 250, 1580, "B", "DIP", "$1N69", "", "C", 70.87, 70.87, 43.31, 0],
		[186, "U3_4", 350, 1580, "T", "DIP", "$1N70", "", "C", 70.87, 70.87, 43.31, 0],
		[187, "U3_4", 350, 1580, "B", "DIP", "$1N70", "", "C", 70.87, 70.87, 43.31, 0],
		[188, "U4_1", 1873.55, 1283.46, "T", "SMD", "$1N431", "", "R", 39.37, 21.65, 0, 315],
		[189, "U4_2", 1900, 1309.9, "T", "SMD", "GND", "GND", "R", 39.37, 21.65, 0, 315],
		[190, "U4_3", 1926.44, 1336.35, "T", "SMD", "$1N514", "", "R", 39.37, 21.65, 0, 315],
		[191, "U4_4", 1848.49, 1414.3, "T", "SMD", "+7.5V", "", "R", 39.37, 21.65, 0, 315],
		[192, "U4_5", 1822.05, 1387.86, "T", "SMD", "+7.5V", "", "R", 39.37, 21.65, 0, 315],
		[193, "U4_6", 1795.6, 1361.41, "T", "SMD", "U4_6", "", "R", 39.37, 21.65, 0, 315],
		[194, "U5_1", 324.88, 1967.4, "T", "SMD", "$1N395", "", "R", 39.37, 21.65, 0, 180],
		[195, "U5_2", 324.88, 1930, "T", "SMD", "GND", "GND", "R", 39.37, 21.65, 0, 180],
		[196, "U5_3", 324.88, 1892.6, "T", "SMD", "$1N339", "", "R", 39.37, 21.65, 0, 180],
		[197, "U5_4", 435.12, 1892.6, "T", "SMD", "+7.5V", "", "R", 39.37, 21.65, 0, 180],
		[198, "U5_5", 435.12, 1930, "T", "SMD", "+7.5V", "", "R", 39.37, 21.65, 0, 180],
		[199, "U5_6", 435.12, 1967.4, "T", "SMD", "U5_6", "", "R", 39.37, 21.65, 0, 180],
		[200, "U6_1", 730, -1515, "T", "DIP", "TX", "", "R", 66.93, 66.93, 43.31, 180],
		[201, "U6_1", 730, -1515, "B", "DIP", "TX", "", "R", 66.93, 66.93, 43.31, 180],
		[202, "U6_2", 630, -1515, "T", "DIP", "RX", "", "C", 66.93, 66.93, 43.31, 180],
		[203, "U6_2", 630, -1515, "B", "DIP", "RX", "", "C", 66.93, 66.93, 43.31, 180],
		[204, "U6_3", 530, -1515, "T", "DIP", "GND", "GND", "C", 66.93, 66.93, 43.31, 180],
		[205, "U6_3", 530, -1515, "B", "DIP", "GND", "GND", "C", 66.93, 66.93, 43.31, 180],
		[206, "U6_4", 430, -1515, "T", "DIP", "VCC", "", "C", 66.93, 66.93, 43.31, 180],
		[207, "U6_4", 430, -1515, "B", "DIP", "VCC", "", "C", 66.93, 66.93, 43.31, 180],
		[208, "U7_1", 1592.13, 726.8, "T", "SMD", "GND", "GND", "R", 23.62, 61.02, 0, 225],
		[209, "U7_2", 1627.49, 762.16, "T", "SMD", "MOTOR2", "", "R", 23.62, 61.02, 0, 225],
		[210, "U7_3", 1662.84, 797.51, "T", "SMD", "MOTOR1", "", "R", 23.62, 61.02, 0, 225],
		[211, "U7_4", 1698.2, 832.87, "T", "SMD", "VCC", "", "R", 23.62, 61.02, 0, 225],
		[212, "U7_5", 1547.87, 983.2, "T", "SMD", "DCMOTORV+", "", "R", 23.62, 61.02, 0, 225],
		[213, "U7_6", 1512.51, 947.84, "T", "SMD", "$1N229", "", "R", 23.62, 61.02, 0, 225],
		[214, "U7_7", 1477.16, 912.49, "T", "SMD", "$1N906", "", "R", 23.62, 61.02, 0, 225],
		[215, "U7_8", 1441.8, 877.13, "T", "SMD", "$1N41389", "", "R", 23.62, 61.02, 0, 225],
		[216, "U7_9", 1570, 855, "T", "SMD", "GND", "GND", "R", 102.36, 122.05, 0, 315],
		[217, "U8_1", 1592.78, -89.11, "T", "SMD", "ROT2", "", "O", 17.72, 64.96, 0, 90],
		[218, "U8_2", 1592.78, -57.61, "T", "SMD", "ROT1", "", "O", 17.72, 64.96, 0, 90],
		[219, "U8_3", 1592.78, -26.11, "T", "SMD", "GND", "GND", "O", 17.72, 64.96, 0, 90],
		[220, "U8_4", 1592.78, 5.37, "T", "SMD", "VCC", "", "O", 17.72, 64.96, 0, 90],
		[221, "U8_5", 1592.78, 36.88, "T", "SMD", "GND", "GND", "O", 17.72, 64.96, 0, 90],
		[222, "U8_6", 1592.78, 68.37, "T", "SMD", "VCC", "", "O", 17.72, 64.96, 0, 90],
		[223, "U8_7", 1592.78, 99.87, "T", "SMD", "XTAL1", "", "O", 17.72, 64.96, 0, 90],
		[224, "U8_8", 1592.78, 131.37, "T", "SMD", "XTAL2", "", "O", 17.72, 64.96, 0, 90],
		[225, "U8_9", 1531.02, 193.63, "T", "SMD", "MOTOR1", "", "O", 64.96, 17.72, 0, 90],
		[226, "U8_10", 1499.52, 193.63, "T", "SMD", "MOTOR2", "", "O", 64.96, 17.72, 0, 90],
		[227, "U8_11", 1468.02, 193.63, "T", "SMD", "U8_11", "", "O", 64.96, 17.72, 0, 90],
		[228, "U8_12", 1436.53, 193.63, "T", "SMD", "DIR", "", "O", 64.96, 17.72, 0, 90],
		[229, "U8_13", 1405.03, 193.63, "T", "SMD", "STEP", "", "O", 64.96, 17.72, 0, 90],
		[230, "U8_14", 1373.54, 193.63, "T", "SMD", "STEP_EN", "", "O", 64.96, 17.72, 0, 90],
		[231, "U8_15", 1342.04, 193.63, "T", "SMD", "MOSI", "", "O", 64.96, 17.72, 0, 90],
		[232, "U8_16", 1310.53, 193.63, "T", "SMD", "MISO", "", "O", 64.96, 17.72, 0, 90],
		[233, "U8_17", 1248.78, 131.37, "T", "SMD", "SCK", "", "O", 17.72, 64.96, 0, 90],
		[234, "U8_18", 1248.78, 99.87, "T", "SMD", "VCC", "", "O", 17.72, 64.96, 0, 90],
		[235, "U8_19", 1248.78, 68.37, "T", "SMD", "U8_19", "", "O", 17.72, 64.96, 0, 90],
		[236, "U8_20", 1248.78, 36.88, "T", "SMD", "AREF", "", "O", 17.72, 64.96, 0, 90],
		[237, "U8_21", 1248.78, 5.37, "T", "SMD", "GND", "GND", "O", 17.72, 64.96, 0, 90],
		[238, "U8_22", 1248.78, -26.11, "T", "SMD", "U8_22", "", "O", 17.72, 64.96, 0, 90],
		[239, "U8_23", 1248.78, -57.61, "T", "SMD", "U8_23", "", "O", 17.72, 64.96, 0, 90],
		[240, "U8_24", 1248.78, -89.11, "T", "SMD", "ROT3", "", "O", 17.72, 64.96, 0, 90],
		[241, "U8_25", 1310.53, -151.37, "T", "SMD", "BAT", "", "O", 64.96, 17.72, 0, 90],
		[242, "U8_26", 1342.04, -151.37, "T", "SMD", "CARD_IN", "", "O", 64.96, 17.72, 0, 90],
		[243, "U8_27", 1373.54, -151.37, "T", "SMD", "SDA", "", "O", 64.96, 17.72, 0, 90],
		[244, "U8_28", 1405.03, -151.37, "T", "SMD", "SCL", "", "O", 64.96, 17.72, 0, 90],
		[245, "U8_29", 1436.53, -151.37, "T", "SMD", "RESET", "", "O", 64.96, 17.72, 0, 90],
		[246, "U8_30", 1468.02, -151.37, "T", "SMD", "RX", "", "O", 64.96, 17.72, 0, 90],
		[247, "U8_31", 1499.52, -151.37, "T", "SMD", "TX", "", "O", 64.96, 17.72, 0, 90],
		[248, "U8_32", 1531.02, -151.37, "T", "SMD", "OUT_S", "", "O", 64.96, 17.72, 0, 90],
		[249, "U13_1", 1350, 1114.21, "T", "DIP", "$1N229", "", "C", 62.99, 62.99, 39.37, 270],
		[250, "U13_1", 1350, 1114.21, "B", "DIP", "$1N229", "", "C", 62.99, 62.99, 39.37, 270],
		[251, "U13_2", 1350, 1015.79, "T", "DIP", "$1N41389", "", "C", 62.99, 62.99, 39.37, 270],
		[252, "U13_2", 1350, 1015.79, "B", "DIP", "$1N41389", "", "C", 62.99, 62.99, 39.37, 270],
		[253, "U17_1", 1223, 690.55, "T", "SMD", "GND", "GND", "R", 43.31, 86.61, 0, 270],
		[254, "U17_2", 1223, 600, "T", "SMD", "VCC", "", "R", 43.31, 86.61, 0, 270],
		[255, "U17_3", 1223, 509.45, "T", "SMD", "$1N14504", "", "R", 43.31, 86.61, 0, 270],
		[256, "U17_4", 1467, 600, "T", "SMD", "VCC", "", "R", 86.61, 137.79, 0, 180],
		[257, "U18_1", 1238.18, -1253.84, "T", "SMD", "DM", "", "R", 11.81, 27.56, 0, 90],
		[258, "U18_2", 1238.18, -1273.52, "T", "SMD", "DP", "", "R", 11.81, 27.56, 0, 90],
		[259, "U18_3", 1238.18, -1293.21, "T", "SMD", "U18_3", "", "R", 11.81, 27.56, 0, 90],
		[260, "U18_4", 1238.18, -1312.89, "T", "SMD", "$1N16507", "", "R", 11.81, 27.56, 0, 90],
		[261, "U18_5", 1238.18, -1332.58, "T", "SMD", "$1N27855", "", "R", 11.81, 27.56, 0, 90],
		[262, "U18_6", 1238.18, -1352.26, "T", "SMD", "$1N27765", "", "R", 11.81, 27.56, 0, 90],
		[263, "U18_7", 1265.42, -1379.75, "T", "SMD", "U18_7", "", "R", 11.81, 27.56, 0, 180],
		[264, "U18_8", 1285.11, -1379.75, "T", "SMD", "U18_8", "", "R", 11.81, 27.56, 0, 180],
		[265, "U18_9", 1304.79, -1379.75, "T", "SMD", "U18_9", "", "R", 11.81, 27.56, 0, 180],
		[266, "U18_10", 1324.47, -1379.75, "T", "SMD", "U18_10", "", "R", 11.81, 27.56, 0, 180],
		[267, "U18_11", 1344.16, -1379.75, "T", "SMD", "$1N16487", "", "R", 11.81, 27.56, 0, 180],
		[268, "U18_12", 1363.84, -1379.75, "T", "SMD", "$1N16494", "", "R", 11.81, 27.56, 0, 180],
		[269, "U18_13", 1391.09, -1352.26, "T", "SMD", "$1N16475", "", "R", 11.81, 27.56, 0, 270],
		[270, "U18_14", 1391.09, -1332.58, "T", "SMD", "$1N16429", "", "R", 11.81, 27.56, 0, 270],
		[271, "U18_15", 1391.09, -1312.89, "T", "SMD", "$1N16449", "", "R", 11.81, 27.56, 0, 270],
		[272, "U18_16", 1391.09, -1293.21, "T", "SMD", "$1N16449", "", "R", 11.81, 27.56, 0, 270],
		[273, "U18_17", 1391.09, -1273.52, "T", "SMD", "$1N16449", "", "R", 11.81, 27.56, 0, 270],
		[274, "U18_18", 1391.09, -1253.84, "T", "SMD", "GND", "GND", "R", 11.81, 27.56, 0, 270],
		[275, "U18_19", 1363.84, -1226.35, "T", "SMD", "$1N16770", "", "R", 11.81, 27.56, 0, 0],
		[276, "U18_20", 1344.16, -1226.35, "T", "SMD", "$1N16770", "", "R", 11.81, 27.56, 0, 0],
		[277, "U18_21", 1324.47, -1226.35, "T", "SMD", "VBAT", "", "R", 11.81, 27.56, 0, 0],
		[278, "U18_22", 1304.79, -1226.35, "T", "SMD", "VBAT", "", "R", 11.81, 27.56, 0, 0],
		[279, "U18_23", 1285.11, -1226.35, "T", "SMD", "$1N16941", "", "R", 11.81, 27.56, 0, 0],
		[280, "U18_24", 1265.42, -1226.35, "T", "SMD", "GND", "GND", "R", 11.81, 27.56, 0, 0],
		[281, "U18_25", 1314.6, -1303.08, "T", "SMD", "GND", "GND", "R", 102.36, 102.36, 0, 0],
		[282, "U19_1", 1340, 1805, "T", "DIP", "VIN", "", "R", 62.99, 62.99, 39.37, 90],
		[283, "U19_1", 1340, 1805, "B", "DIP", "VIN", "", "R", 62.99, 62.99, 39.37, 90],
		[284, "U19_2", 1340, 1905, "T", "DIP", "BATM", "", "C", 62.99, 62.99, 39.37, 90],
		[285, "U19_2", 1340, 1905, "B", "DIP", "BATM", "", "C", 62.99, 62.99, 39.37, 90],
		[286, "U19_3", 1340, 2005, "T", "DIP", "GND", "GND", "C", 62.99, 62.99, 39.37, 90],
		[287, "U19_3", 1340, 2005, "B", "DIP", "GND", "GND", "C", 62.99, 62.99, 39.37, 90],
		[288, "U20_1", 1114.02, 1718.18, "T", "DIP", "+7.5V", "", "O", 66.93, 114.17, 90.55, 90],
		[289, "U20_1", 1114.02, 1718.18, "B", "DIP", "+7.5V", "", "O", 66.93, 114.17, 90.55, 90],
		[290, "U20_2", 1114.02, 1907.16, "T", "DIP", "VIN", "", "O", 66.93, 114.17, 90.55, 90],
		[291, "U20_2", 1114.02, 1907.16, "B", "DIP", "VIN", "", "O", 66.93, 114.17, 90.55, 90],
		[292, "U20_3", 1114.02, 2096.13, "T", "DIP", "VBAT", "", "O", 66.93, 114.17, 90.55, 90],
		[293, "U20_3", 1114.02, 2096.13, "B", "DIP", "VBAT", "", "O", 66.93, 114.17, 90.55, 90],
		[294, "U22_1", 0, -1641.77, "T", "DIP", "RED", "", "C", 39.37, 39.37, 27.56, 270],
		[295, "U22_1", 0, -1641.77, "B", "DIP", "RED", "", "C", 39.37, 39.37, 27.56, 270],
		[296, "U22_2", 0, -1590.59, "T", "DIP", "GND", "GND", "C", 39.37, 39.37, 27.56, 270],
		[297, "U22_2", 0, -1590.59, "B", "DIP", "GND", "GND", "C", 39.37, 39.37, 27.56, 270],
		[298, "U22_3", 0, -1539.41, "T", "DIP", "GREEN", "", "C", 39.37, 39.37, 27.56, 270],
		[299, "U22_3", 0, -1539.41, "B", "DIP", "GREEN", "", "C", 39.37, 39.37, 27.56, 270],
		[300, "U22_4", 0, -1488.23, "T", "DIP", "BLUE", "", "C", 39.37, 39.37, 27.56, 270],
		[301, "U22_4", 0, -1488.23, "B", "DIP", "BLUE", "", "C", 39.37, 39.37, 27.56, 270],
		[302, "USB6_1", 2025.34, -540.08, "T", "DIP", "GND", "GND", "O", 39.37, 82.68, 66.93, 90],
		[303, "USB6_1", 2025.34, -540.08, "B", "DIP", "GND", "GND", "O", 39.37, 82.68, 66.93, 90],
		[304, "USB6_2", 2025.34, -199.92, "T", "DIP", "GND", "GND", "O", 39.37, 82.68, 66.93, 90],
		[305, "USB6_2", 2025.34, -199.92, "B", "DIP", "GND", "GND", "O", 39.37, 82.68, 66.93, 90],
		[306, "USB6_3", 2188.72, -540.08, "T", "DIP", "GND", "GND", "O", 39.37, 70.87, 55.12, 90],
		[307, "USB6_3", 2188.72, -540.08, "B", "DIP", "GND", "GND", "O", 39.37, 70.87, 55.12, 90],
		[308, "USB6_4", 2188.72, -199.92, "T", "DIP", "GND", "GND", "O", 39.37, 70.87, 55.12, 90],
		[309, "USB6_4", 2188.72, -199.92, "B", "DIP", "GND", "GND", "O", 39.37, 70.87, 55.12, 90],
		[310, "USB6_A1B12", 2002.7, -495.99, "T", "SMD", "GND", "GND", "R", 23.62, 45.28, 0, 90],
		[311, "USB6_A4B9", 2002.7, -464.49, "T", "SMD", "VBUS", "", "R", 23.62, 45.28, 0, 90],
		[312, "USB6_A5", 2002.7, -419.21, "T", "SMD", "$1N28168", "", "R", 11.81, 45.28, 0, 90],
		[313, "USB6_A6", 2002.7, -379.84, "T", "SMD", "DP", "", "R", 11.81, 45.28, 0, 90],
		[314, "USB6_A7", 2002.7, -360.16, "T", "SMD", "DM", "", "R", 11.81, 45.28, 0, 90],
		[315, "USB6_A8", 2002.7, -438.9, "T", "SMD", "USB6_A8", "", "R", 11.81, 45.28, 0, 90],
		[316, "USB6_B1A12", 2002.7, -244.02, "T", "SMD", "GND", "GND", "R", 23.62, 45.28, 0, 90],
		[317, "USB6_B4A9", 2002.7, -275.51, "T", "SMD", "VBUS", "", "R", 23.62, 45.28, 0, 90],
		[318, "USB6_B5", 2002.7, -301.1, "T", "SMD", "$1N28177", "", "R", 11.81, 45.28, 0, 90],
		[319, "USB6_B6", 2002.7, -340.47, "T", "SMD", "DP", "", "R", 11.81, 45.28, 0, 90],
		[320, "USB6_B7", 2002.7, -399.53, "T", "SMD", "DM", "", "R", 11.81, 45.28, 0, 90],
		[321, "USB6_B8", 2002.7, -320.79, "T", "SMD", "USB6_B8", "", "R", 11.81, 45.28, 0, 90],
		[322, "X2_1", 1873.08, 216.59, "T", "DIP", "XTAL2", "", "P", 60.98, 60.98, 33.66, 0],
		[323, "X2_1", 1873.08, 216.59, "B", "DIP", "XTAL2", "", "P", 60.98, 60.98, 33.66, 0],
		[324, "X2_2", 1873.08, 16.59, "T", "DIP", "XTAL1", "", "P", 60.98, 60.98, 33.66, 0],
		[325, "X2_2", 1873.08, 16.59, "B", "DIP", "XTAL1", "", "P", 60.98, 60.98, 33.66, 0],
		[326, "PAD1_33", 1565, 855, "T", "DIP", "GND", "GND", "C", 60, 60, 36, 315],
		[327, "PAD1_33", 1565, 855, "B", "DIP", "GND", "GND", "C", 60, 60, 36, 315],
		[328, "PAD2_34", 1314.6, -1303.08, "T", "DIP", "GND", "GND", "C", 60, 60, 36, 0],
		[329, "PAD2_34", 1314.6, -1303.08, "B", "DIP", "GND", "GND", "C", 60, 60, 36, 0]
	]
}
}