{
"lengthUnit": "mil",
"components": {
	"fields": ["COMPONENT_NO", "COMPONENT_NAME", "LAYER", "X_COORDINATE", "Y_COORDINATE", "ANGLE"],
	"rows": [
		[1, "C1", "T", 870, -290, 0],
		[2, "C2", "T", 550, -840, 180],
		[3, "C3", "T", 640, -660, 180],
		[4, "LED1", "T", 610, -170, 90],
		[5, "R1", "T", 1015, -670, 0],
		[6, "R2", "T", 1140, -630, 270],
		[7, "R3", "T", 1140, -470, 270],
		[8, "R4", "T", 810, -670, 180],
		[9, "R5", "T", 860, -175, 270],
		[10, "R6", "T", 735, -110, 270],
		[11, "U2", "T", 1055, -175, 180],
		[12, "U3", "T", 1230, -310, 90],
		[13, "U5", "T", 730, -455, 90],
		[14, "U6", "T", 945, -845, 0],
		[15, "U7", "T", 1220, -730, 270]
	]
},
"pins": {
	"fields": ["PIN_NO", "PIN_NAME", "PIN_X", "PIN_Y", "LAYER", "PIN_TYPE", "NET_NAME", "NET_TYPE", "PAD_SHAPE", "PAD_SIZEX", "PAD_SIZEY", "HOLE_SIZE", "PAD_ANGLE"],
	"rows": [
		[1, "C1_1", 830.63, -290, "T", "SMD", "GND", "GND", "R", 55.51, 53.15, 0, 0],
		[2, "C1_2", 909.37, -290, "T", "SMD", "NET1", "", "R", 55.51, 53.15, 0, 0],
		[3, "C2_1", 655.12, -839.99, "T", "SMD", "+5V", "", "R", 137.79, 47.24, 0, 180],
		[4, "C2_2", 444.89, -840, "T", "SMD", "GND", "GND", "R", 137.79, 47.24, 0, 180],
		[5, "C3_1", 679.37, -660, "T", "SMD", "+5V", "", "R", 55.51, 53.15, 0, 180],
		[6, "C3_2", 600.63, -660, "T", "SMD", "GND", "GND", "R", 55.51, 53.15, 0, 180],
		[7, "LED1_1", 610, -128.65, "T", "SMD", "$1N934", "", "R", 39.37, 55.1, 0, 270],
		[8, "LED1_2", 610, -211.35, "T", "SMD", "CARD_IN", "", "R", 39.37, 55.1, 0, 270],
		[9, "R1_1", 975.63, -670, "T", "SMD", "$1N247", "", "R", 44.59, 54.21, 0, 0],
		[10, "R1_2", 1054.37, -670, "T", "SMD", "+5V", "", "R", 44.59, 54.21, 0, 0],
		[11, "R2_1", 1140, -590.63, "T", "SMD", "$1N489", "", "R", 44.59, 54.21, 0, 270],
		[12, "R2_2", 1140, -669.37, "T", "SMD", "+5V", "", "R", 44.59, 54.21, 0, 270],
		[13, "R3_1", 1140, -430.63, "T", "SMD", "GND", "GND", "R", 44.59, 54.21, 0, 270],
		[14, "R3_2", 1140, -509.37, "T", "SMD", "$1N489", "", "R", 44.59, 54.21, 0, 270],
		[15, "R4_1", 849.37, -670, "T", "SMD", "NET1", "", "R", 44.59, 54.21, 0, 180],
		[16, "R4_2", 770.63, -670, "T", "SMD", "+5V", "", "R", 44.59, 54.21, 0, 180],
		[17, "R5_1", 860, -135.63, "T", "SMD", "+5V", "", "R", 44.59, 54.21, 0, 270],
		[18, "R5_2", 860, -214.37, "T", "SMD", "CARD_IN", "", "R", 44.59, 54.21, 0, 270],
		[19, "R6_1", 735, -70.63, "T", "SMD", "+5V", "", "R", 44.59, 54.21, 0, 270],
		[20, "R6_2", 735, -149.37, "T", "SMD", "$1N934", "", "R", 44.59, 54.21, 0, 270],
		[21, "U2_1", 1130, -68.5, "T", "SMD", "U2_1", "", "O", 22.38, 76.78, 0, 180],
		[22, "U2_2", 1080, -68.5, "T", "SMD", "U2_2", "", "O", 22.38, 76.78, 0, 180],
		[23, "U2_3", 1030, -68.5, "T", "SMD", "U2_3", "", "O", 22.38, 76.78, 0, 180],
		[24, "U2_4", 980, -68.5, "T", "SMD", "GND", "GND", "O", 22.38, 76.78, 0, 180],
		[25, "U2_5", 980, -281.5, "T", "SMD", "NET1", "", "O", 22.38, 76.78, 0, 180],
		[26, "U2_6", 1030, -281.5, "T", "SMD", "$1N489", "", "O", 22.38, 76.78, 0, 180],
		[27, "U2_7", 1080, -281.5, "T", "SMD", "CARD_IN", "", "O", 22.38, 76.78, 0, 180],
		[28, "U2_8", 1130, -281.5, "T", "SMD", "+5V", "", "O", 22.38, 76.78, 0, 180],
		[29, "U3_1", 1230, -388.74, "T", "DIP", "GND", "GND", "R", 60, 60, 36, 90],
		[30, "U3_1", 1230, -388.74, "B", "DIP", "GND", "GND", "R", 60, 60, 36, 90],
		[31, "U3_2", 1230, -310, "T", "DIP", "OUT_S", "", "C", 60, 60, 36, 90],
		[32, "U3_2", 1230, -310, "B", "DIP", "OUT_S", "", "C", 60, 60, 36, 90],
		[33, "U3_3", 1230, -231.26, "T", "DIP", "+5V", "", "C", 60, 60, 36, 90],
		[34, "U3_3", 1230, -231.26, "B", "DIP", "+5V", "", "C", 60, 60, 36, 90],
		[35, "U5_1", 769.37, -376.26, "T", "DIP", "GND", "GND", "R", 55.12, 55.12, 27.56, 90],
		[36, "U5_1", 769.37, -376.26, "B", "DIP", "GND", "GND", "R", 55.12, 55.12, 27.56, 90],
		[37, "U5_2", 690.63, -376.26, "T", "DIP", "CARD_IN", "", "C", 55.12, 55.12, 27.56, 90],
		[38, "U5_2", 690.63, -376.26, "B", "DIP", "CARD_IN", "", "C", 55.12, 55.12, 27.56, 90],
		[39, "U5_3", 769.37, -455, "T", "DIP", "OUT_S", "", "C", 55.12, 55.12, 27.56, 90],
		[40, "U5_3", 769.37, -455, "B", "DIP", "OUT_S", "", "C", 55.12, 55.12, 27.56, 90],
		[41, "U5_4", 690.63, -455, "T", "DIP", "SDA", "", "C", 55.12, 55.12, 27.56, 90],
		[42, "U5_4", 690.63, -455, "B", "DIP", "SDA", "", "C", 55.12, 55.12, 27.56, 90],
		[43, "U5_5", 769.37, -533.74, "T", "DIP", "+5V", "", "C", 55.12, 55.12, 27.56, 90],
		[44, "U5_5", 769.37, -533.74, "B", "DIP", "+5V", "", "C", 55.12, 55.12, 27.56, 90],
		[45, "U5_6", 690.63, -533.74, "T", "DIP", "SCL", "", "C", 55.12, 55.12, 27.56, 90],
		[46, "U5_6", 690.63, -533.74, "B", "DIP", "SCL", "", "C", 55.12, 55.12, 27.56, 90],
		[47, "U6_1", 1053.27, -795, "T", "DIP", "$1N247", "", "C", 60, 60, 36, 0],
		[48, "U6_1", 1053.27, -795, "B", "DIP", "$1N247", "", "C", 60, 60, 36, 0],
		[49, "U6_2", 1053.27, -895, "T", "DIP", "GND", "GND", "C", 60, 60, 36, 0],
		[50, "U6_2", 1053.27, -895, "B", "DIP", "GND", "GND", "C", 60, 60, 36, 0],
		[51, "U6_3", 836.73, -895, "T", "DIP", "GND", "GND", "C", 60, 60, 36, 0],
		[52, "U6_3", 836.73, -895, "B", "DIP", "GND", "GND", "C", 60, 60, 36, 0],
		[53, "U6_4", 836.73, -795, "T", "DIP", "NET1", "", "C", 60, 60, 36, 0],
		[54, "U6_4", 836.73, -795, "B", "DIP", "NET1", "", "C", 60, 60, 36, 0],
		[55, "U7_1", 1220, -611.89, "T", "DIP", "GND", "GND", "C", 55.12, 55.12, 35.43, 90],
		[56, "U7_1", 1220, -611.89, "B", "DIP", "GND", "GND", "C", 55.12, 55.12, 35.43, 90],
		[57, "U7_2", 1220, -690.63, "T", "DIP", "+5V", "", "C", 55.12, 55.12, 35.43, 90],
		[58, "U7_2", 1220, -690.63, "B", "DIP", "+5V", "", "C", 55.12, 55.12, 35.43, 90],
		[59, "U7_3", 1220, -769.37, "T", "DIP", "SCL", "", "C", 55.12, 55.12, 35.43, 90],
		[60, "U7_3", 1220, -769.37, "B", "DIP", "SCL", "", "C", 55.12, 55.12, 35.43, 90],
		[61, "U7_4", 1220, -848.11, "T", "DIP", "SDA", "", "C", 55.12, 55.12, 35.43, 90],
		[62, "U7_4", 1220, -848.11, "B", "DIP", "SDA", "", "C", 55.12, 55.12, 35.43, 90]
	]
}
}