{
"lengthUnit": "mil",
"components": {
	"fields": ["COMPONENT_NO", "COMPONENT_NAME", "LAYER", "X_COORDINATE", "Y_COORDINATE", "ANGLE"],
	"rows": [
		[1, "C1", "T", 1885, -645, 45],
		[2, "C2", "T", 415, -1080, 180],
		[3, "C3", "T", 1645, -347.79, 90],
		[4, "C4", "T", 1195, -1655, 270],
		[5, "C5", "T", 1860, -365, 90],
		[6, "C6", "T", 1407.2, 183.84, 225],
		[7, "C7", "T", 345, -1835, 270],
		[8, "C14", "T", 1125, -1265, 180],
		[9, "C15", "T", 1272.2, 318.84, 225],
		[10, "C16", "T", 1415, 380, 315],
		[11, "C17", "T", 1337.2, 248.84, 225],
		[12, "C25", "T", 965, 830, 45],
		[13, "C26", "T", 840, 705, 225],
		[14, "C27", "T", 1165, -1040, 180],
		[15, "C28", "T", 669.32, -1865, 180],
		[16, "C29", "T", 1620, 1345, 270],
		[17, "C30", "T", 1525, 1556.07, 270],
		[18, "C31", "T", 1723.82, 1200, 270],
		[19, "C33", "T", 1393.12, 1850.78, 90],
		[20, "C34", "T", 1505, 1850.78, 90],
		[21, "C35", "T", 1225.53, 1850.78, 90],
		[22, "C36", "T", 987.36, 1850.78, 90],
		[23, "C37", "T", 1113.69, 1850.78, 90],
		[24, "C38", "T", 1090.42, 1620, 180],
		[25, "D2", "T", 504.69, -1535, 0],
		[26, "D3", "T", 1760, -590, 225],
		[27, "D7", "T", 855, -939.89, 270],
		[28, "D8", "T", 1147.81, -415, 90],
		[29, "ISP", "T", 856.61, -560, 90],
		[30, "J1", "T", 1755, 400, 90],
		[31, "J2", "T", 355, 1580, 270],
		[32, "L1", "T", 950, -1640.02, 90],
		[33, "L2", "T", 1545, -970, 0],
		[34, "L3", "T", 1815, 1475, 135],
		[35, "LED1", "B", 655, 1852.56, 270],
		[36, "LED2", "B", 755, 1852.56, 270],
		[37, "LED3", "B", 850, 1855, 270],
		[38, "R1", "B", 2060, -530, 270],
		[39, "R2", "T", 1359.63, -480, 270],
		[40, "R3", "T", 1520, -544.95, 180],
		[41, "R4", "T", 430, -1684.11, 0],
		[42, "R5", "T", 1282.03, -670, 180],
		[43, "R6", "T", 473.23, -1835, 270],
		[44, "R7", "T", 1161.24, -875, 0],
		[45, "R8", "T", 985, -913.23, 90],
		[46, "R9", "T", 656.89, 1671.97, 270],
		[47, "R12", "T", 170.93, -1000, 0],
		[48, "R13", "T", 620, -913.23, 0],
		[49, "R16", "T", 75, -1000, 180],
		[50, "R17", "T", 1082.45, 1530, 0],
		[51, "R18", "T", 1079.93, 1325, 0],
		[52, "R19", "T", 1315, 1379.85, 90],
		[53, "R20", "T", 1410, 1379.85, 90],
		[54, "R21", "T", 1524.47, 1350, 270],
		[55, "R22", "T", 1370.63, 1245, 0],
		[56, "R23", "T", 1125.29, 1715, 180],
		[57, "R29", "T", 1079.93, 1435, 0],
		[58, "R30", "T", 1839.59, 880, 180],
		[59, "R31", "T", 1790, 1040, 180],
		[60, "U2", "T", 180, -1040, 270],
		[61, "U3", "T", -40, -1662.63, 180],
		[62, "U4", "T", 1465, -725, 90],
		[63, "U5", "T", 655, -1720, 180],
		[64, "U6", "T", 665, 1140, 45],
		[65, "U7", "T", 2035, -385, 180],
		[66, "U8", "T", 1185, 620, 225],
		[67, "U13", "T", 2000, -779.16, 0],
		[68, "U15", "T", -60, 1095, 180],
		[69, "U17", "T", 1375, -80, 180],
		[70, "U18", "T", 1329.63, 1586.95, 270],
		[71, "U19", "T", 1395, -1705, 270],
		[72, "U20", "B", 1725, -1390, 315],
		[73, "USB6", "T", 2095, 940, 90],
		[74, "X2", "T", 780, 890, 45],
		[75, "PAD1", "T", 2035, -385, 0],
		[76, "PAD1", "B", 2035, -385, 0],
		[77, "PAD2", "T", 1329.6, 1586.92, 0],
		[78, "PAD2", "B", 1329.6, 1586.92, 0]
	]
},
"pins": {
	"fields": ["PIN_NO", "PIN_NAME", "PIN_X", "PIN_Y", "LAYER", "PIN_TYPE", "NET_NAME", "NET_TYPE", "PAD_SHAPE", "PAD_SIZEX", "PAD_SIZEY", "HOLE_SIZE", "PAD_ANGLE"],
	"rows": [
		[1, "C1_1", 1856.33, -673.67, "T", "SMD", "GND", "GND", "R", 55.51, 53.15, 0, 45],
		[2, "C1_2", 1913.67, -616.33, "T", "SMD", "+12V1", "", "R", 55.51, 53.15, 0, 45],
		[3, "C2_1", 520.12, -1080, "T", "SMD", "+12V", "", "R", 137.79, 47.24, 0, 180],
		[4, "C2_2", 309.88, -1080, "T", "SMD", "GND", "GND", "R", 137.79, 47.24, 0, 180],
		[5, "C3_1", 1645, -452.91, "T", "SMD", "+12V1", "", "R", 137.79, 47.24, 0, 90],
		[6, "C3_2", 1645, -242.67, "T", "SMD", "GND", "GND", "R", 137.79, 47.24, 0, 90],
		[7, "C4_1", 1195, -1614.45, "T", "SMD", "+7.5V", "", "R", 55.51, 53.15, 0, 270],
		[8, "C4_2", 1195, -1695.55, "T", "SMD", "GND", "GND", "R", 55.51, 53.15, 0, 270],
		[9, "C5_1", 1860, -405.55, "T", "SMD", "+12V1", "", "R", 55.51, 53.15, 0, 90],
		[10, "C5_2", 1860, -324.45, "T", "SMD", "GND", "GND", "R", 55.51, 53.15, 0, 90],
		[11, "C6_1", 1435.87, 212.51, "T", "SMD", "VCC", "", "R", 55.51, 53.15, 0, 225],
		[12, "C6_2", 1378.52, 155.17, "T", "SMD", "GND", "GND", "R", 55.51, 53.15, 0, 225],
		[13, "C7_1", 345, -1794.45, "T", "SMD", "+12V", "", "R", 55.51, 53.15, 0, 270],
		[14, "C7_2", 345, -1875.55, "T", "SMD", "GND", "GND", "R", 55.51, 53.15, 0, 270],
		[15, "C14_1", 1193.9, -1265, "T", "DIP", "+7.5V", "", "C", 62.99, 62.99, 39.37, 270],
		[16, "C14_1", 1193.9, -1265, "B", "DIP", "+7.5V", "", "C", 62.99, 62.99, 39.37, 270],
		[17, "C14_2", 1056.1, -1265, "T", "DIP", "GND", "GND", "C", 62.99, 62.99, 39.37, 270],
		[18, "C14_2", 1056.1, -1265, "B", "DIP", "GND", "GND", "C", 62.99, 62.99, 39.37, 270],
		[19, "C15_1", 1300.87, 347.51, "T", "SMD", "VCC", "", "R", 55.51, 53.15, 0, 225],
		[20, "C15_2", 1243.52, 290.17, "T", "SMD", "GND", "GND", "R", 55.51, 53.15, 0, 225],
		[21, "C16_1", 1386.33, 408.67, "T", "SMD", "AREF", "", "R", 55.51, 53.15, 0, 315],
		[22, "C16_2", 1443.67, 351.33, "T", "SMD", "GND", "GND", "R", 55.51, 53.15, 0, 315],
		[23, "C17_1", 1370.6, 282.24, "T", "SMD", "VCC", "", "R", 47.24, 59.05, 0, 225],
		[24, "C17_2", 1303.79, 215.44, "T", "SMD", "GND", "GND", "R", 47.24, 59.05, 0, 225],
		[25, "C25_1", 936.33, 801.33, "T", "SMD", "XTAL1", "", "R", 55.51, 53.15, 0, 45],
		[26, "C25_2", 993.67, 858.67, "T", "SMD", "GND", "GND", "R", 55.51, 53.15, 0, 45],
		[27, "C26_1", 868.67, 733.67, "T", "SMD", "XTAL2", "", "R", 55.51, 53.15, 0, 225],
		[28, "C26_2", 811.33, 676.33, "T", "SMD", "GND", "GND", "R", 55.51, 53.15, 0, 225],
		[29, "C27_1", 1205.55, -1040, "T", "SMD", "+7.5V", "", "R", 55.51, 53.15, 0, 180],
		[30, "C27_2", 1124.45, -1040, "T", "SMD", "GND", "GND", "R", 55.51, 53.15, 0, 180],
		[31, "C28_1", 709.87, -1865, "T", "SMD", "+7.5V", "", "R", 55.51, 53.15, 0, 180],
		[32, "C28_2", 628.77, -1865, "T", "SMD", "GND", "GND", "R", 55.51, 53.15, 0, 180],
		[33, "C29_1", 1620, 1385.55, "T", "SMD", "$1N16475", "", "R", 55.51, 53.15, 0, 270],
		[34, "C29_2", 1620, 1304.45, "T", "SMD", "GND", "GND", "R", 55.51, 53.15, 0, 270],
		[35, "C30_1", 1525, 1596.62, "T", "SMD", "$1N16449", "", "R", 55.51, 53.15, 0, 270],
		[36, "C30_2", 1525, 1515.52, "T", "SMD", "$1N16429", "", "R", 55.51, 53.15, 0, 270],
		[37, "C31_1", 1723.82, 1240.55, "T", "SMD", "VBUS", "", "R", 55.51, 53.15, 0, 270],
		[38, "C31_2", 1723.82, 1159.45, "T", "SMD", "GND", "GND", "R", 55.51, 53.15, 0, 270],
		[39, "C33_1", 1393.12, 1810.23, "T", "SMD", "$1N16770", "", "R", 55.51, 53.15, 0, 90],
		[40, "C33_2", 1393.12, 1891.33, "T", "SMD", "GND", "GND", "R", 55.51, 53.15, 0, 90],
		[41, "C34_1", 1505, 1810.23, "T", "SMD", "$1N16770", "", "R", 55.51, 53.15, 0, 90],
		[42, "C34_2", 1505, 1891.33, "T", "SMD", "GND", "GND", "R", 55.51, 53.15, 0, 90],
		[43, "C35_1", 1225.53, 1810.23, "T", "SMD", "VBAT", "", "R", 55.51, 53.15, 0, 90],
		[44, "C35_2", 1225.53, 1891.33, "T", "SMD", "GND", "GND", "R", 55.51, 53.15, 0, 90],
		[45, "C36_1", 987.36, 1810.23, "T", "SMD", "VBAT", "", "R", 55.51, 53.15, 0, 90],
		[46, "C36_2", 987.36, 1891.33, "T", "SMD", "GND", "GND", "R", 55.51, 53.15, 0, 90],
		[47, "C37_1", 1113.69, 1810.23, "T", "SMD", "VBAT", "", "R", 55.51, 53.15, 0, 90],
		[48, "C37_2", 1113.69, 1891.33, "T", "SMD", "GND", "GND", "R", 55.51, 53.15, 0, 90],
		[49, "C38_1", 1130.97, 1620, "T", "SMD", "$1N16941", "", "R", 55.51, 53.15, 0, 180],
		[50, "C38_2", 1049.87, 1620, "T", "SMD", "GND", "GND", "R", 55.51, 53.15, 0, 180],
		[51, "D2_1", 410.2, -1535, "T", "SMD", "+12V", "", "R", 82.68, 70.87, 0, 0],
		[52, "D2_2", 599.18, -1535, "T", "SMD", "$1N395", "", "R", 82.68, 70.87, 0, 0],
		[53, "D3_1", 1826.81, -523.19, "T", "SMD", "+12V1", "", "R", 82.68, 70.87, 0, 225],
		[54, "D3_2", 1693.19, -656.81, "T", "SMD", "$1N431", "", "R", 82.68, 70.87, 0, 225],
		[55, "D7_1", 855, -872.96, "T", "SMD", "BAT", "", "R", 51.18, 51.18, 0, 270],
		[56, "D7_2", 855, -1006.82, "T", "SMD", "GND", "GND", "R", 51.18, 51.18, 0, 270],
		[57, "D8_1", 1148.18, -505.7, "T", "SMD", "+7.5V", "", "R", 80.57, 63.78, 0, 90],
		[58, "D8_2", 1147.44, -324.3, "T", "SMD", "$1N14504", "", "R", 80.57, 63.78, 0, 270],
		[59, "ISP_1", 906.61, -660, "T", "DIP", "MISO", "", "R", 62, 60, 32, 90],
		[60, "ISP_1", 906.61, -660, "B", "DIP", "MISO", "", "R", 62, 60, 32, 90],
		[61, "ISP_2", 806.61, -660, "T", "DIP", "VCC", "", "C", 62, 62, 32, 90],
		[62, "ISP_2", 806.61, -660, "B", "DIP", "VCC", "", "C", 62, 62, 32, 90],
		[63, "ISP_3", 906.61, -560, "T", "DIP", "SCK", "", "C", 62, 62, 32, 90],
		[64, "ISP_3", 906.61, -560, "B", "DIP", "SCK", "", "C", 62, 62, 32, 90],
		[65, "ISP_4", 806.61, -560, "T", "DIP", "MOSI", "", "C", 62, 62, 32, 90],
		[66, "ISP_4", 806.61, -560, "B", "DIP", "MOSI", "", "C", 62, 62, 32, 90],
		[67, "ISP_5", 906.61, -460, "T", "DIP", "RESET", "", "C", 62, 62, 32, 90],
		[68, "ISP_5", 906.61, -460, "B", "DIP", "RESET", "", "C", 62, 62, 32, 90],
		[69, "ISP_6", 806.61, -460, "T", "DIP", "GND", "GND", "C", 62, 62, 32, 90],
		[70, "ISP_6", 806.61, -460, "B", "DIP", "GND", "GND", "C", 62, 62, 32, 90],
		[71, "J1_1", 1821.83, 308.82, "T", "DIP", "OUT_S", "", "R", 53.15, 53.15, 31.7, 270],
		[72, "J1_1", 1821.83, 308.82, "B", "DIP", "OUT_S", "", "R", 53.15, 53.15, 31.7, 270],
		[73, "J1_2", 1821.83, 387.56, "T", "DIP", "CARD_IN", "", "C", 53.15, 53.15, 31.7, 270],
		[74, "J1_2", 1821.83, 387.56, "B", "DIP", "CARD_IN", "", "C", 53.15, 53.15, 31.7, 270],
		[75, "J1_3", 1743.07, 308.82, "T", "DIP", "SCK", "", "C", 53.15, 53.15, 31.7, 270],
		[76, "J1_3", 1743.07, 308.82, "B", "DIP", "SCK", "", "C", 53.15, 53.15, 31.7, 270],
		[77, "J1_4", 1743.07, 387.56, "T", "DIP", "BACKUP", "", "C", 53.15, 53.15, 31.7, 270],
		[78, "J1_4", 1743.07, 387.56, "B", "DIP", "BACKUP", "", "C", 53.15, 53.15, 31.7, 270],
		[79, "J1_5", 1664.33, 308.83, "T", "DIP", "VCC", "", "C", 53.15, 53.15, 31.7, 270],
		[80, "J1_5", 1664.33, 308.83, "B", "DIP", "VCC", "", "C", 53.15, 53.15, 31.7, 270],
		[81, "J1_6", 1664.33, 387.55, "T", "DIP", "GND", "GND", "C", 53.15, 53.15, 31.7, 270],
		[82, "J1_6", 1664.33, 387.55, "B", "DIP", "GND", "GND", "C", 53.15, 53.15, 31.7, 270],
		[83, "J2_1", 288.17, 1671.18, "T", "DIP", "T3", "", "R", 53.15, 53.15, 31.7, 90],
		[84, "J2_1", 288.17, 1671.18, "B", "DIP", "T3", "", "R", 53.15, 53.15, 31.7, 90],
		[85, "J2_2", 288.17, 1592.44, "T", "DIP", "T2", "", "C", 53.15, 53.15, 31.7, 90],
		[86, "J2_2", 288.17, 1592.44, "B", "DIP", "T2", "", "C", 53.15, 53.15, 31.7, 90],
		[87, "J2_3", 366.93, 1671.18, "T", "DIP", "GND", "GND", "C", 53.15, 53.15, 31.7, 90],
		[88, "J2_3", 366.93, 1671.18, "B", "DIP", "GND", "GND", "C", 53.15, 53.15, 31.7, 90],
		[89, "J2_4", 366.93, 1592.44, "T", "DIP", "T1", "", "C", 53.15, 53.15, 31.7, 90],
		[90, "J2_4", 366.93, 1592.44, "B", "DIP", "T1", "", "C", 53.15, 53.15, 31.7, 90],
		[91, "J2_5", 445.67, 1671.17, "T", "DIP", "VCC", "", "C", 53.15, 53.15, 31.7, 90],
		[92, "J2_5", 445.67, 1671.17, "B", "DIP", "VCC", "", "C", 53.15, 53.15, 31.7, 90],
		[93, "J2_6", 445.67, 1592.45, "T", "DIP", "T0", "", "C", 53.15, 53.15, 31.7, 90],
		[94, "J2_6", 445.67, 1592.45, "B", "DIP", "T0", "", "C", 53.15, 53.15, 31.7, 90],
		[95, "L1_1", 950, -1759.51, "T", "SMD", "+7.5V", "", "R", 92.52, 137.79, 0, 90],
		[96, "L1_2", 950, -1520.53, "T", "SMD", "$1N395", "", "R", 92.52, 137.79, 0, 90],
		[97, "L2_1", 1425.51, -970, "T", "SMD", "+7.5V", "", "R", 92.52, 137.79, 0, 0],
		[98, "L2_2", 1664.49, -970, "T", "SMD", "$1N431", "", "R", 92.52, 137.79, 0, 0],
		[99, "L3_1", 1899.49, 1390.51, "T", "SMD", "VBUS", "", "R", 92.52, 137.79, 0, 135],
		[100, "L3_2", 1730.51, 1559.49, "T", "SMD", "$1N16449", "", "R", 92.52, 137.79, 0, 135],
		[101, "LED1_1", 655, 1895.88, "B", "SMD", "GND", "GND", "R", 39.37, 49.21, 0, 90],
		[102, "LED1_2", 655, 1809.26, "B", "SMD", "$1N6901", "", "R", 39.37, 49.21, 0, 90],
		[103, "LED2_1", 755, 1895.88, "B", "SMD", "GND", "GND", "R", 39.37, 49.21, 0, 90],
		[104, "LED2_2", 755, 1809.26, "B", "SMD", "$1N16136", "", "R", 39.37, 49.21, 0, 90],
		[105, "LED3_1", 850, 1898.31, "B", "SMD", "GND", "GND", "R", 39.37, 49.21, 0, 90],
		[106, "LED3_2", 850, 1811.69, "B", "SMD", "$1N27760", "", "R", 39.37, 49.21, 0, 90],
		[107, "R1_1", 2060, -490.63, "B", "SMD", "$1N906", "", "R", 44.59, 54.21, 0, 270],
		[108, "R1_2", 2060, -569.37, "B", "SMD", "GND", "GND", "R", 44.59, 54.21, 0, 270],
		[109, "R2_1", 1320.26, -544.96, "T", "SMD", "$1N514", "", "R", 47.24, 59.05, 0, 0],
		[110, "R2_2", 1359.63, -415.04, "T", "SMD", "$1N515", "", "R", 62.99, 62.99, 0, 0],
		[111, "R2_3", 1399, -544.96, "T", "SMD", "$1N515", "", "R", 47.24, 59.05, 0, 0],
		[112, "R3_1", 1559.37, -544.95, "T", "SMD", "+12V1", "", "R", 44.59, 54.21, 0, 180],
		[113, "R3_2", 1480.63, -544.95, "T", "SMD", "$1N515", "", "R", 44.59, 54.21, 0, 180],
		[114, "R4_1", 390.63, -1684.11, "T", "SMD", "+12V", "", "R", 44.59, 54.21, 0, 0],
		[115, "R4_2", 469.37, -1684.11, "T", "SMD", "$1N339", "", "R", 44.59, 54.21, 0, 0],
		[116, "R5_1", 1321.4, -670, "T", "SMD", "$1N514", "", "R", 44.59, 54.21, 0, 180],
		[117, "R5_2", 1242.66, -670, "T", "SMD", "GND", "GND", "R", 44.59, 54.21, 0, 180],
		[118, "R6_1", 473.23, -1795.63, "T", "SMD", "$1N339", "", "R", 44.59, 54.21, 0, 270],
		[119, "R6_2", 473.23, -1874.37, "T", "SMD", "GND", "GND", "R", 44.59, 54.21, 0, 270],
		[120, "R7_1", 1121.87, -875, "T", "SMD", "BAT", "", "R", 44.59, 54.21, 0, 0],
		[121, "R7_2", 1200.61, -875, "T", "SMD", "+7.5V", "", "R", 44.59, 54.21, 0, 0],
		[122, "R8_1", 985, -952.6, "T", "SMD", "GND", "GND", "R", 44.59, 54.21, 0, 90],
		[123, "R8_2", 985, -873.86, "T", "SMD", "BAT", "", "R", 44.59, 54.21, 0, 90],
		[124, "R9_1", 656.89, 1711.34, "T", "SMD", "$1N6901", "", "R", 44.59, 54.21, 0, 270],
		[125, "R9_2", 656.89, 1632.6, "T", "SMD", "VCC", "", "R", 44.59, 54.21, 0, 270],
		[126, "R12_1", 153.88, -1000, "T", "SMD", "PDN", "", "R", 22.27, 21.26, 0, 0],
		[127, "R12_2", 187.97, -1000, "T", "SMD", "MS1", "", "R", 22.27, 21.26, 0, 0],
		[128, "R13_1", 580.63, -913.23, "T", "SMD", "MS1", "", "R", 44.59, 54.21, 0, 0],
		[129, "R13_2", 659.37, -913.23, "T", "SMD", "VCC", "", "R", 44.59, 54.21, 0, 0],
		[130, "R16_1", 92.04, -1000, "T", "SMD", "PDN", "", "R", 22.27, 21.26, 0, 180],
		[131, "R16_2", 57.96, -1000, "T", "SMD", "GND", "GND", "R", 22.27, 21.26, 0, 180],
		[132, "R17_1", 1043.08, 1530, "T", "SMD", "GND", "GND", "R", 44.59, 54.21, 0, 0],
		[133, "R17_2", 1121.82, 1530, "T", "SMD", "$1N16507", "", "R", 44.59, 54.21, 0, 0],
		[134, "R18_1", 1040.56, 1325, "T", "SMD", "$1N16136", "", "R", 44.59, 54.21, 0, 0],
		[135, "R18_2", 1119.3, 1325, "T", "SMD", "$1N27765", "", "R", 44.59, 54.21, 0, 0],
		[136, "R19_1", 1315, 1340.48, "T", "SMD", "GND", "GND", "R", 44.59, 54.21, 0, 90],
		[137, "R19_2", 1315, 1419.22, "T", "SMD", "$1N16487", "", "R", 44.59, 54.21, 0, 90],
		[138, "R20_1", 1410, 1340.48, "T", "SMD", "VBUS", "", "R", 44.59, 54.21, 0, 90],
		[139, "R20_2", 1410, 1419.22, "T", "SMD", "$1N16494", "", "R", 44.59, 54.21, 0, 90],
		[140, "R21_1", 1524.47, 1389.37, "T", "SMD", "$1N16475", "", "R", 44.59, 54.21, 0, 270],
		[141, "R21_2", 1524.47, 1310.63, "T", "SMD", "VBUS", "", "R", 44.59, 54.21, 0, 270],
		[142, "R22_1", 1331.26, 1245, "T", "SMD", "GND", "GND", "R", 44.59, 54.21, 0, 0],
		[143, "R22_2", 1410, 1245, "T", "SMD", "VBUS", "", "R", 44.59, 54.21, 0, 0],
		[144, "R23_1", 1164.66, 1715, "T", "SMD", "$1N16941", "", "R", 44.59, 54.21, 0, 180],
		[145, "R23_2", 1085.92, 1715, "T", "SMD", "BATM", "", "R", 44.59, 54.21, 0, 180],
		[146, "R29_1", 1040.56, 1435, "T", "SMD", "$1N27760", "", "R", 44.59, 54.21, 0, 0],
		[147, "R29_2", 1119.3, 1435, "T", "SMD", "$1N27855", "", "R", 44.59, 54.21, 0, 0],
		[148, "R30_1", 1878.96, 880, "T", "SMD", "$1N28168", "", "R", 44.59, 54.21, 0, 180],
		[149, "R30_2", 1800.22, 880, "T", "SMD", "GND", "GND", "R", 44.59, 54.21, 0, 180],
		[150, "R31_1", 1829.37, 1040, "T", "SMD", "$1N28177", "", "R", 44.59, 54.21, 0, 180],
		[151, "R31_2", 1750.63, 1040, "T", "SMD", "GND", "GND", "R", 44.59, 54.21, 0, 180],
		[152, "U2_1", 425, -830, "T", "DIP", "STEP_EN", "", "C", 60, 60, 36, 270],
		[153, "U2_1", 425, -830, "B", "DIP", "STEP_EN", "", "C", 60, 60, 36, 270],
		[154, "U2_2", 325, -830, "T", "DIP", "MS1", "", "C", 60, 60, 36, 270],
		[155, "U2_2", 325, -830, "B", "DIP", "MS1", "", "C", 60, 60, 36, 270],
		[156, "U2_3", 225, -830, "T", "DIP", "MS1", "", "C", 60, 60, 36, 270],
		[157, "U2_3", 225, -830, "B", "DIP", "MS1", "", "C", 60, 60, 36, 270],
		[158, "U2_4", 125, -830, "T", "DIP", "PDN", "", "C", 60, 60, 36, 270],
		[159, "U2_4", 125, -830, "B", "DIP", "PDN", "", "C", 60, 60, 36, 270],
		[160, "U2_5", 25, -830, "T", "DIP", "U2_5", "", "C", 60, 60, 36, 270],
		[161, "U2_5", 25, -830, "B", "DIP", "U2_5", "", "C", 60, 60, 36, 270],
		[162, "U2_6", -75, -830, "T", "DIP", "U2_6", "", "C", 60, 60, 36, 270],
		[163, "U2_6", -75, -830, "B", "DIP", "U2_6", "", "C", 60, 60, 36, 270],
		[164, "U2_7", -175, -830, "T", "DIP", "STEP", "", "C", 60, 60, 36, 270],
		[165, "U2_7", -175, -830, "B", "DIP", "STEP", "", "C", 60, 60, 36, 270],
		[166, "U2_8", -275, -830, "T", "DIP", "DIR", "", "C", 60, 60, 36, 270],
		[167, "U2_8", -275, -830, "B", "DIP", "DIR", "", "C", 60, 60, 36, 270],
		[168, "U2_9", -275, -1330, "T", "DIP", "GND", "GND", "C", 60, 60, 36, 270],
		[169, "U2_9", -275, -1330, "B", "DIP", "GND", "GND", "C", 60, 60, 36, 270],
		[170, "U2_10", -175, -1330, "T", "DIP", "U2_10", "", "C", 60, 60, 36, 270],
		[171, "U2_10", -175, -1330, "B", "DIP", "U2_10", "", "C", 60, 60, 36, 270],
		[172, "U2_11", -75, -1330, "T", "DIP", "$1N70", "", "C", 60, 60, 36, 270],
		[173, "U2_11", -75, -1330, "B", "DIP", "$1N70", "", "C", 60, 60, 36, 270],
		[174, "U2_12", 25, -1330, "T", "DIP", "$1N69", "", "C", 60, 60, 36, 270],
		[175, "U2_12", 25, -1330, "B", "DIP", "$1N69", "", "C", 60, 60, 36, 270],
		[176, "U2_13", 125, -1330, "T", "DIP", "$1N68", "", "C", 60, 60, 36, 270],
		[177, "U2_13", 125, -1330, "B", "DIP", "$1N68", "", "C", 60, 60, 36, 270],
		[178, "U2_14", 225, -1330, "T", "DIP", "$1N67", "", "C", 60, 60, 36, 270],
		[179, "U2_14", 225, -1330, "B", "DIP", "$1N67", "", "C", 60, 60, 36, 270],
		[180, "U2_15", 325, -1330, "T", "DIP", "GND", "GND", "C", 60, 60, 36, 270],
		[181, "U2_15", 325, -1330, "B", "DIP", "GND", "GND", "C", 60, 60, 36, 270],
		[182, "U2_16", 425, -1330, "T", "DIP", "+12V", "", "C", 60, 60, 36, 270],
		[183, "U2_16", 425, -1330, "B", "DIP", "+12V", "", "C", 60, 60, 36, 270],
		[184, "U3_1", 110, -1662.63, "T", "DIP", "$1N67", "", "R", 70.87, 70.87, 43.31, 180],
		[185, "U3_1", 110, -1662.63, "B", "DIP", "$1N67", "", "R", 70.87, 70.87, 43.31, 180],
		[186, "U3_2", 10, -1662.63, "T", "DIP", "$1N68", "", "C", 70.87, 70.87, 43.31, 180],
		[187, "U3_2", 10, -1662.63, "B", "DIP", "$1N68", "", "C", 70.87, 70.87, 43.31, 180],
		[188, "U3_3", -90, -1662.63, "T", "DIP", "$1N69", "", "C", 70.87, 70.87, 43.31, 180],
		[189, "U3_3", -90, -1662.63, "B", "DIP", "$1N69", "", "C", 70.87, 70.87, 43.31, 180],
		[190, "U3_4", -190, -1662.63, "T", "DIP", "$1N70", "", "C", 70.87, 70.87, 43.31, 180],
		[191, "U3_4", -190, -1662.63, "B", "DIP", "$1N70", "", "C", 70.87, 70.87, 43.31, 180],
		[192, "U4_1", 1502.4, -669.88, "T", "SMD", "$1N431", "", "R", 39.37, 21.65, 0, 90],
		[193, "U4_2", 1465, -669.88, "T", "SMD", "GND", "GND", "R", 39.37, 21.65, 0, 90],
		[194, "U4_3", 1427.6, -669.88, "T", "SMD", "$1N514", "", "R", 39.37, 21.65, 0, 90],
		[195, "U4_4", 1427.6, -780.12, "T", "SMD", "+7.5V", "", "R", 39.37, 21.65, 0, 90],
		[196, "U4_5", 1465, -780.12, "T", "SMD", "+7.5V", "", "R", 39.37, 21.65, 0, 90],
		[197, "U4_6", 1502.4, -780.12, "T", "SMD", "U4_6", "", "R", 39.37, 21.65, 0, 90],
		[198, "U5_1", 599.88, -1682.6, "T", "SMD", "$1N395", "", "R", 39.37, 21.65, 0, 180],
		[199, "U5_2", 599.88, -1720, "T", "SMD", "GND", "GND", "R", 39.37, 21.65, 0, 180],
		[200, "U5_3", 599.88, -1757.4, "T", "SMD", "$1N339", "", "R", 39.37, 21.65, 0, 180],
		[201, "U5_4", 710.12, -1757.4, "T", "SMD", "+7.5V", "", "R", 39.37, 21.65, 0, 180],
		[202, "U5_5", 710.12, -1720, "T", "SMD", "+7.5V", "", "R", 39.37, 21.65, 0, 180],
		[203, "U5_6", 710.12, -1682.6, "T", "SMD", "U5_6", "", "R", 39.37, 21.65, 0, 180],
		[204, "U6_1", 558.93, 1033.93, "T", "DIP", "TX", "", "R", 66.93, 66.93, 43.31, 45],
		[205, "U6_1", 558.93, 1033.93, "B", "DIP", "TX", "", "R", 66.93, 66.93, 43.31, 45],
		[206, "U6_2", 629.64, 1104.64, "T", "DIP", "RX", "", "C", 66.93, 66.93, 43.31, 45],
		[207, "U6_2", 629.64, 1104.64, "B", "DIP", "RX", "", "C", 66.93, 66.93, 43.31, 45],
		[208, "U6_3", 700.36, 1175.36, "T", "DIP", "GND", "GND", "C", 66.93, 66.93, 43.31, 45],
		[209, "U6_3", 700.36, 1175.36, "B", "DIP", "GND", "GND", "C", 66.93, 66.93, 43.31, 45],
		[210, "U6_4", 771.07, 1246.07, "T", "DIP", "VCC", "", "C", 66.93, 66.93, 43.31, 45],
		[211, "U6_4", 771.07, 1246.07, "B", "DIP", "VCC", "", "C", 66.93, 66.93, 43.31, 45],
		[212, "U7_1", 2110, -278.7, "T", "SMD", "GND", "GND", "R", 23.62, 61.02, 0, 0],
		[213, "U7_2", 2060, -278.7, "T", "SMD", "MOTOR2", "", "R", 23.62, 61.02, 0, 0],
		[214, "U7_3", 2010, -278.7, "T", "SMD", "MOTOR1", "", "R", 23.62, 61.02, 0, 0],
		[215, "U7_4", 1960, -278.7, "T", "SMD", "VCC", "", "R", 23.62, 61.02, 0, 0],
		[216, "U7_5", 1960, -491.3, "T", "SMD", "+12V1", "", "R", 23.62, 61.02, 0, 0],
		[217, "U7_6", 2010, -491.3, "T", "SMD", "$1N229", "", "R", 23.62, 61.02, 0, 0],
		[218, "U7_7", 2060, -491.3, "T", "SMD", "$1N906", "", "R", 23.62, 61.02, 0, 0],
		[219, "U7_8", 2110, -491.3, "T", "SMD", "$1N228", "", "R", 23.62, 61.02, 0, 0],
		[220, "U7_9", 2035, -385, "T", "SMD", "GND", "GND", "R", 102.36, 122.05, 0, 90],
		[221, "U8_1", 1141.33, 819.57, "T", "SMD", "MOTOR1", "", "O", 17.72, 64.96, 0, 225],
		[222, "U8_2", 1119.06, 797.3, "T", "SMD", "MOTOR2", "", "O", 17.72, 64.96, 0, 225],
		[223, "U8_3", 1096.78, 775.03, "T", "SMD", "GND", "GND", "O", 17.72, 64.96, 0, 225],
		[224, "U8_4", 1074.52, 752.76, "T", "SMD", "VCC", "", "O", 17.72, 64.96, 0, 225],
		[225, "U8_5", 1052.24, 730.49, "T", "SMD", "GND", "GND", "O", 17.72, 64.96, 0, 225],
		[226, "U8_6", 1029.97, 708.22, "T", "SMD", "VCC", "", "O", 17.72, 64.96, 0, 225],
		[227, "U8_7", 1007.7, 685.95, "T", "SMD", "XTAL1", "", "O", 17.72, 64.96, 0, 225],
		[228, "U8_8", 985.43, 663.67, "T", "SMD", "XTAL2", "", "O", 17.72, 64.96, 0, 225],
		[229, "U8_9", 985.07, 575.98, "T", "SMD", "T1", "", "O", 64.96, 17.72, 0, 225],
		[230, "U8_10", 1007.35, 553.7, "T", "SMD", "T2", "", "O", 64.96, 17.72, 0, 225],
		[231, "U8_11", 1029.62, 531.43, "T", "SMD", "T3", "", "O", 64.96, 17.72, 0, 225],
		[232, "U8_12", 1051.89, 509.16, "T", "SMD", "DIR", "", "O", 64.96, 17.72, 0, 225],
		[233, "U8_13", 1074.16, 486.89, "T", "SMD", "STEP", "", "O", 64.96, 17.72, 0, 225],
		[234, "U8_14", 1096.43, 464.62, "T", "SMD", "STEP_EN", "", "O", 64.96, 17.72, 0, 225],
		[235, "U8_15", 1118.7, 442.35, "T", "SMD", "MOSI", "", "O", 64.96, 17.72, 0, 225],
		[236, "U8_16", 1140.98, 420.07, "T", "SMD", "MISO", "", "O", 64.96, 17.72, 0, 225],
		[237, "U8_17", 1228.67, 420.43, "T", "SMD", "SCK", "", "O", 17.72, 64.96, 0, 225],
		[238, "U8_18", 1250.95, 442.7, "T", "SMD", "VCC", "", "O", 17.72, 64.96, 0, 225],
		[239, "U8_19", 1273.22, 464.97, "T", "SMD", "U8_19", "", "O", 17.72, 64.96, 0, 225],
		[240, "U8_20", 1295.49, 487.24, "T", "SMD", "AREF", "", "O", 17.72, 64.96, 0, 225],
		[241, "U8_21", 1317.76, 509.52, "T", "SMD", "GND", "GND", "O", 17.72, 64.96, 0, 225],
		[242, "U8_22", 1340.03, 531.78, "T", "SMD", "U8_22", "", "O", 17.72, 64.96, 0, 225],
		[243, "U8_23", 1362.3, 554.06, "T", "SMD", "BACKUP", "", "O", 17.72, 64.96, 0, 225],
		[244, "U8_24", 1384.57, 576.33, "T", "SMD", "CARD_IN", "", "O", 17.72, 64.96, 0, 225],
		[245, "U8_25", 1384.93, 664.02, "T", "SMD", "BAT", "", "O", 64.96, 17.72, 0, 225],
		[246, "U8_26", 1362.65, 686.3, "T", "SMD", "T0", "", "O", 64.96, 17.72, 0, 225],
		[247, "U8_27", 1340.38, 708.57, "T", "SMD", "SDA", "", "O", 64.96, 17.72, 0, 225],
		[248, "U8_28", 1318.11, 730.84, "T", "SMD", "SCL", "", "O", 64.96, 17.72, 0, 225],
		[249, "U8_29", 1295.84, 753.11, "T", "SMD", "RESET", "", "O", 64.96, 17.72, 0, 225],
		[250, "U8_30", 1273.57, 775.38, "T", "SMD", "RX", "", "O", 64.96, 17.72, 0, 225],
		[251, "U8_31", 1251.3, 797.65, "T", "SMD", "TX", "", "O", 64.96, 17.72, 0, 225],
		[252, "U8_32", 1229.02, 819.93, "T", "SMD", "OUT_S", "", "O", 64.96, 17.72, 0, 225],
		[253, "U13_1", 1950.79, -779.16, "T", "DIP", "$1N229", "", "C", 62.99, 62.99, 39.37, 0],
		[254, "U13_1", 1950.79, -779.16, "B", "DIP", "$1N229", "", "C", 62.99, 62.99, 39.37, 0],
		[255, "U13_2", 2049.21, -779.16, "T", "DIP", "$1N228", "", "C", 62.99, 62.99, 39.37, 0],
		[256, "U13_2", 2049.21, -779.16, "B", "DIP", "$1N228", "", "C", 62.99, 62.99, 39.37, 0],
		[257, "U15_1", 90, 1095, "T", "DIP", "SDA", "", "R", 70.87, 70.87, 43.31, 180],
		[258, "U15_1", 90, 1095, "B", "DIP", "SDA", "", "R", 70.87, 70.87, 43.31, 180],
		[259, "U15_2", -10, 1095, "T", "DIP", "SCL", "", "C", 70.87, 70.87, 43.31, 180],
		[260, "U15_2", -10, 1095, "B", "DIP", "SCL", "", "C", 70.87, 70.87, 43.31, 180],
		[261, "U15_3", -110, 1095, "T", "DIP", "GND", "GND", "C", 70.87, 70.87, 43.31, 180],
		[262, "U15_3", -110, 1095, "B", "DIP", "GND", "GND", "C", 70.87, 70.87, 43.31, 180],
		[263, "U15_4", -210, 1095, "T", "DIP", "VCC", "", "C", 70.87, 70.87, 43.31, 180],
		[264, "U15_4", -210, 1095, "B", "DIP", "VCC", "", "C", 70.87, 70.87, 43.31, 180],
		[265, "U17_1", 1253, 10.55, "T", "SMD", "GND", "GND", "R", 43.31, 86.61, 0, 270],
		[266, "U17_2", 1253, -80, "T", "SMD", "VCC", "", "R", 43.31, 86.61, 0, 270],
		[267, "U17_3", 1253, -170.55, "T", "SMD", "$1N14504", "", "R", 43.31, 86.61, 0, 270],
		[268, "U17_4", 1497, -80, "T", "SMD", "VCC", "", "R", 86.61, 137.79, 0, 180],
		[269, "U18_1", 1253.18, 1636.16, "T", "SMD", "DM", "", "R", 11.81, 27.56, 0, 90],
		[270, "U18_2", 1253.18, 1616.48, "T", "SMD", "DP", "", "R", 11.81, 27.56, 0, 90],
		[271, "U18_3", 1253.18, 1596.79, "T", "SMD", "U18_3", "", "R", 11.81, 27.56, 0, 90],
		[272, "U18_4", 1253.18, 1577.11, "T", "SMD", "$1N16507", "", "R", 11.81, 27.56, 0, 90],
		[273, "U18_5", 1253.18, 1557.42, "T", "SMD", "$1N27855", "", "R", 11.81, 27.56, 0, 90],
		[274, "U18_6", 1253.18, 1537.74, "T", "SMD", "$1N27765", "", "R", 11.81, 27.56, 0, 90],
		[275, "U18_7", 1280.42, 1510.25, "T", "SMD", "U18_7", "", "R", 11.81, 27.56, 0, 180],
		[276, "U18_8", 1300.11, 1510.25, "T", "SMD", "U18_8", "", "R", 11.81, 27.56, 0, 180],
		[277, "U18_9", 1319.79, 1510.25, "T", "SMD", "U18_9", "", "R", 11.81, 27.56, 0, 180],
		[278, "U18_10", 1339.47, 1510.25, "T", "SMD", "U18_10", "", "R", 11.81, 27.56, 0, 180],
		[279, "U18_11", 1359.16, 1510.25, "T", "SMD", "$1N16487", "", "R", 11.81, 27.56, 0, 180],
		[280, "U18_12", 1378.84, 1510.25, "T", "SMD", "$1N16494", "", "R", 11.81, 27.56, 0, 180],
		[281, "U18_13", 1406.09, 1537.74, "T", "SMD", "$1N16475", "", "R", 11.81, 27.56, 0, 270],
		[282, "U18_14", 1406.09, 1557.42, "T", "SMD", "$1N16429", "", "R", 11.81, 27.56, 0, 270],
		[283, "U18_15", 1406.09, 1577.11, "T", "SMD", "$1N16449", "", "R", 11.81, 27.56, 0, 270],
		[284, "U18_16", 1406.09, 1596.79, "T", "SMD", "$1N16449", "", "R", 11.81, 27.56, 0, 270],
		[285, "U18_17", 1406.09, 1616.48, "T", "SMD", "$1N16449", "", "R", 11.81, 27.56, 0, 270],
		[286, "U18_18", 1406.09, 1636.16, "T", "SMD", "GND", "GND", "R", 11.81, 27.56, 0, 270],
		[287, "U18_19", 1378.84, 1663.65, "T", "SMD", "$1N16770", "", "R", 11.81, 27.56, 0, 0],
		[288, "U18_20", 1359.16, 1663.65, "T", "SMD", "$1N16770", "", "R", 11.81, 27.56, 0, 0],
		[289, "U18_21", 1339.47, 1663.65, "T", "SMD", "VBAT", "", "R", 11.81, 27.56, 0, 0],
		[290, "U18_22", 1319.79, 1663.65, "T", "SMD", "VBAT", "", "R", 11.81, 27.56, 0, 0],
		[291, "U18_23", 1300.11, 1663.65, "T", "SMD", "$1N16941", "", "R", 11.81, 27.56, 0, 0],
		[292, "U18_24", 1280.42, 1663.65, "T", "SMD", "GND", "GND", "R", 11.81, 27.56, 0, 0],
		[293, "U18_25", 1329.6, 1586.92, "T", "SMD", "GND", "GND", "R", 102.36, 102.36, 0, 0],
		[294, "U19_1", 1395, -1605, "T", "DIP", "VIN", "", "R", 62.99, 62.99, 39.37, 270],
		[295, "U19_1", 1395, -1605, "B", "DIP", "VIN", "", "R", 62.99, 62.99, 39.37, 270],
		[296, "U19_2", 1395, -1705, "T", "DIP", "BATM", "", "C", 62.99, 62.99, 39.37, 270],
		[297, "U19_2", 1395, -1705, "B", "DIP", "BATM", "", "C", 62.99, 62.99, 39.37, 270],
		[298, "U19_3", 1395, -1805, "T", "DIP", "GND", "GND", "C", 62.99, 62.99, 39.37, 270],
		[299, "U19_3", 1395, -1805, "B", "DIP", "GND", "GND", "C", 62.99, 62.99, 39.37, 270],
		[300, "U20_1", 1591.37, -1256.37, "T", "DIP", "+7.5V", "", "O", 66.93, 114.17, 90.55, 315],
		[301, "U20_1", 1591.37, -1256.37, "B", "DIP", "+7.5V", "", "O", 66.93, 114.17, 90.55, 315],
		[302, "U20_2", 1725, -1390, "T", "DIP", "VIN", "", "O", 66.93, 114.17, 90.55, 315],
		[303, "U20_2", 1725, -1390, "B", "DIP", "VIN", "", "O", 66.93, 114.17, 90.55, 315],
		[304, "U20_3", 1858.63, -1523.63, "T", "DIP", "VBAT", "", "O", 66.93, 114.17, 90.55, 315],
		[305, "U20_3", 1858.63, -1523.63, "B", "DIP", "VBAT", "", "O", 66.93, 114.17, 90.55, 315],
		[306, "USB6_1", 2024.63, 769.92, "T", "DIP", "GND", "GND", "O", 39.37, 82.68, 66.93, 90],
		[307, "USB6_1", 2024.63, 769.92, "B", "DIP", "GND", "GND", "O", 39.37, 82.68, 66.93, 90],
		[308, "USB6_2", 2024.63, 1110.08, "T", "DIP", "GND", "GND", "O", 39.37, 82.68, 66.93, 90],
		[309, "USB6_2", 2024.63, 1110.08, "B", "DIP", "GND", "GND", "O", 39.37, 82.68, 66.93, 90],
		[310, "USB6_3", 2188.01, 769.92, "T", "DIP", "GND", "GND", "O", 39.37, 70.87, 55.12, 90],
		[311, "USB6_3", 2188.01, 769.92, "B", "DIP", "GND", "GND", "O", 39.37, 70.87, 55.12, 90],
		[312, "USB6_4", 2188.01, 1110.08, "T", "DIP", "GND", "GND", "O", 39.37, 70.87, 55.12, 90],
		[313, "USB6_4", 2188.01, 1110.08, "B", "DIP", "GND", "GND", "O", 39.37, 70.87, 55.12, 90],
		[314, "USB6_A1B12", 2001.99, 814.01, "T", "SMD", "GND", "GND", "R", 23.62, 45.28, 0, 90],
		[315, "USB6_A4B9", 2001.99, 845.51, "T", "SMD", "VBUS", "", "R", 23.62, 45.28, 0, 90],
		[316, "USB6_A5", 2001.99, 890.79, "T", "SMD", "$1N28168", "", "R", 11.81, 45.28, 0, 90],
		[317, "USB6_A6", 2001.99, 930.16, "T", "SMD", "DP", "", "R", 11.81, 45.28, 0, 90],
		[318, "USB6_A7", 2001.99, 949.84, "T", "SMD", "DM", "", "R", 11.81, 45.28, 0, 90],
		[319, "USB6_A8", 2001.99, 871.1, "T", "SMD", "USB6_A8", "", "R", 11.81, 45.28, 0, 90],
		[320, "USB6_B1A12", 2001.99, 1065.98, "T", "SMD", "GND", "GND", "R", 23.62, 45.28, 0, 90],
		[321, "USB6_B4A9", 2001.99, 1034.49, "T", "SMD", "VBUS", "", "R", 23.62, 45.28, 0, 90],
		[322, "USB6_B5", 2001.99, 1008.9, "T", "SMD", "$1N28177", "", "R", 11.81, 45.28, 0, 90],
		[323, "USB6_B6", 2001.99, 969.53, "T", "SMD", "DP", "", "R", 11.81, 45.28, 0, 90],
		[324, "USB6_B7", 2001.99, 910.47, "T", "SMD", "DM", "", "R", 11.81, 45.28, 0, 90],
		[325, "USB6_B8", 2001.99, 989.21, "T", "SMD", "USB6_B8", "", "R", 11.81, 45.28, 0, 90],
		[326, "X2_1", 709.29, 819.29, "T", "DIP", "XTAL2", "", "P", 60.98, 60.98, 33.66, 135],
		[327, "X2_1", 709.29, 819.29, "B", "DIP", "XTAL2", "", "P", 60.98, 60.98, 33.66, 135],
		[328, "X2_2", 850.71, 960.71, "T", "DIP", "XTAL1", "", "P", 60.98, 60.98, 33.66, 135],
		[329, "X2_2", 850.71, 960.71, "B", "DIP", "XTAL1", "", "P", 60.98, 60.98, 33.66, 135],
		[330, "PAD1_33", 2035, -385, "T", "DIP", "GND", "GND", "C", 60, 60, 36, 0],
		[331, "PAD1_33", 2035, -385, "B", "DIP", "GND", "GND", "C", 60, 60, 36, 0],
		[332, "PAD2_34", 1329.6, 1586.92, "T", "DIP", "GND", "GND", "C", 60, 60, 36, 0],
		[333, "PAD2_34", 1329.6, 1586.92, "B", "DIP", "GND", "GND", "C", 60, 60, 36, 0]
	]
}
}